x,u,V,T,Lambda,H2,H,O,O2,OH,H2O,HO2,H2O2,C,CH,CH2,CH2(S),CH3,CH4,CO,CO2,HCO,CH2O,CH2OH,CH3O,CH3OH,C2H,C2H2,C2H3,C2H4,C2H5,C2H6,HCCO,CH2CO,HCCOH,N,NH,NH2,NH3,NNH,NO,NO2,N2O,HNO,CN,HCN,H2CN,HCNN,HCNO,HOCN,HNCO,NCO,N2,AR,C3H7,C3H8,CH2CHO,CH3CHO,Z
0,1.50413,-4.89871e-23,294,-14158.6,0,0,0,7.95352e-27,0,0,1.68923e-25,4.69302e-22,7.3943e-22,0,0,0,0,0.999975,1.47893e-25,6.43218e-23,2.74652e-27,1.6377e-22,1.60808e-30,0,2.47597e-23,0,0,3.63636e-27,0,1.41148e-22,2.10983e-25,2.70884e-28,0,3.6461e-24,1.35986e-23,3.78277e-22,0,0,8.65248e-53,6.30082e-22,2.05581e-22,0,2.58145e-24,0,1.5113e-23,0,1.20415e-21,2.67381e-22,2.26353e-25,0,0,0,2.49006e-05,6.99653e-25,9.46318e-22,5.89731e-29,0,1
0.000408163,1.50178,5.77901,294,-14158.6,0,0,0,7.89591e-27,0,0,1.69041e-25,4.69303e-22,7.3943e-22,0,0,0,0,0.999975,1.47894e-25,6.43218e-23,2.74651e-27,1.6377e-22,1.60808e-30,0,2.47597e-23,0,0,2.40206e-27,0,1.41148e-22,1.23256e-24,2.70644e-28,0,3.6461e-24,1.35986e-23,3.78277e-22,0,0,2.29893e-51,6.30082e-22,2.05581e-22,0,2.58145e-24,0,1.5113e-23,0,1.20415e-21,2.67381e-22,2.26353e-25,0,0,0,2.49006e-05,7.00002e-25,9.46318e-22,5.89731e-29,0,1
0.000816327,1.4947,11.558,294,-14158.6,0,0,0,7.83809e-27,0,0,1.69161e-25,4.69303e-22,7.3943e-22,0,0,0,0,0.999975,1.47894e-25,6.43218e-23,2.74651e-27,1.6377e-22,1.60808e-30,0,2.47597e-23,0,0,1.58421e-27,0,1.41147e-22,2.16081e-24,2.70401e-28,0,3.6461e-24,1.35986e-23,3.78277e-22,0,0,2.29895e-51,6.30082e-22,2.05581e-22,0,2.58145e-24,0,1.5113e-23,0,1.20415e-21,2.67381e-22,2.26353e-25,0,0,0,2.49006e-05,7.00353e-25,9.46318e-22,5.89731e-29,0,1
0.00122449,1.4829,17.337,294,-14158.6,0,0,0,7.77987e-27,0,0,1.69281e-25,4.69303e-22,7.3943e-22,0,0,0,0,0.999975,1.47894e-25,6.43218e-23,2.7465e-27,1.6377e-22,1.60808e-30,0,2.47597e-23,0,0,1.04204e-27,0,1.41147e-22,2.99581e-24,2.70156e-28,0,3.6461e-24,1.35986e-23,3.78277e-22,0,0,2.29895e-51,6.30082e-22,2.05581e-22,0,2.58145e-24,0,1.5113e-23,0,1.20415e-21,2.67381e-22,2.26353e-25,0,0,0,2.49006e-05,7.00706e-25,9.46318e-22,5.89731e-29,0,1
0.00163265,1.46639,23.116,294,-14158.6,0,0,0,7.72106e-27,0,0,1.69402e-25,4.69303e-22,7.3943e-22,3.99044e-41,0,0,0,0.999975,1.47894e-25,6.43218e-23,2.74649e-27,1.6377e-22,1.60808e-30,0,2.47597e-23,0,0,6.82829e-28,0,1.41146e-22,3.74018e-24,2.69908e-28,0,3.6461e-24,1.35986e-23,3.78277e-22,0,0,2.29895e-51,6.30082e-22,2.05581e-22,0,2.58145e-24,0,1.5113e-23,0,1.20415e-21,2.67381e-22,2.26353e-25,0,0,0,2.49006e-05,7.01064e-25,9.46318e-22,5.89731e-29,0,1
0.00204082,1.44516,28.8951,294,-14158.6,0,0,0,7.66146e-27,0,0,1.69525e-25,4.69303e-22,7.3943e-22,3.99048e-41,0,0,0,0.999975,1.47894e-25,6.43218e-23,2.74648e-27,1.6377e-22,1.60808e-30,0,2.47596e-23,0,0,4.45234e-28,0,1.41146e-22,4.39553e-24,2.69654e-28,0,3.6461e-24,1.35986e-23,3.78277e-22,0,0,2.29895e-51,6.30082e-22,2.05581e-22,0,2.58145e-24,0,1.5113e-23,0,1.20415e-21,2.67381e-22,2.26353e-25,0,0,0,2.49006e-05,7.01427e-25,9.46318e-22,5.89731e-29,0,1
0.00244898,1.41922,34.6741,294,-14158.6,0,0,0,7.60083e-27,0,0,1.6965e-25,4.69302e-22,7.3943e-22,3.99048e-41,0,0,0,0.999975,1.47895e-25,6.43218e-23,2.74647e-27,1.6377e-22,1.60808e-30,0,2.47596e-23,0,0,2.88513e-28,0,1.41145e-22,4.96237e-24,2.69395e-28,0,3.6461e-24,1.35986e-23,3.78277e-22,0,0,2.29895e-51,6.30082e-22,2.05581e-22,0,2.58145e-24,0,1.5113e-23,0,1.20415e-21,2.67381e-22,2.26353e-25,0,0,0,2.49006e-05,7.01796e-25,9.46318e-22,5.89731e-29,0,1
0.00285714,1.38855,40.4531,294,-14158.6,0,0,0,7.53894e-27,0,0,1.69778e-25,4.69302e-22,7.3943e-22,3.99048e-41,0,0,0,0.999975,1.47895e-25,6.43218e-23,2.74646e-27,1.6377e-22,1.60808e-30,0,2.47596e-23,0,0,1.85545e-28,0,1.41145e-22,5.44004e-24,2.6913e-28,0,3.6461e-24,1.35986e-23,3.78277e-22,0,0,2.29895e-51,6.30082e-22,2.05581e-22,0,2.58145e-24,0,1.5113e-23,0,1.20415e-21,2.67381e-22,2.26353e-25,0,0,0,2.49006e-05,7.02174e-25,9.46318e-22,5.89731e-29,0,1
0.00326531,1.35317,46.2321,294,-14158.6,0,0,0,7.4755e-27,0,0,1.69909e-25,4.69302e-22,7.3943e-22,3.99048e-41,0,0,0,0.999975,1.47895e-25,6.43218e-23,2.74645e-27,1.6377e-22,1.60808e-30,0,2.47596e-23,0,0,1.18246e-28,0,1.41144e-22,5.8266e-24,2.68856e-28,0,3.6461e-24,1.35986e-23,3.78277e-22,0,0,2.29895e-51,6.30082e-22,2.05581e-22,0,2.58145e-24,0,1.5113e-23,0,1.20415e-21,2.67381e-22,2.26353e-25,0,0,0,2.49006e-05,7.02562e-25,9.46318e-22,5.89731e-29,0,1
0.00367347,1.31307,52.0111,294,-14158.6,0,0,0,7.4102e-27,0,0,1.70044e-25,4.69302e-22,7.3943e-22,3.99048e-41,0,0,0,0.999975,1.47895e-25,6.43218e-23,2.74644e-27,1.6377e-22,1.60808e-30,0,2.47596e-23,0,0,7.4551e-29,0,1.41144e-22,6.11865e-24,2.68573e-28,0,3.6461e-24,1.35986e-23,3.78277e-22,0,0,2.29895e-51,6.30082e-22,2.05581e-22,0,2.58145e-24,0,1.5113e-23,0,1.20415e-21,2.67381e-22,2.26353e-25,0,0,0,2.49006e-05,7.02961e-25,9.46318e-22,5.89731e-29,0,1
0.00408163,1.26826,57.7901,294,-14158.6,0,0,0,7.34268e-27,0,0,1.70183e-25,4.69302e-22,7.3943e-22,3.99048e-41,0,0,0,0.999975,1.47895e-25,6.43218e-23,2.74643e-27,1.6377e-22,1.60808e-30,0,2.47595e-23,0,0,4.64103e-29,0,1.41143e-22,6.31117e-24,2.68279e-28,0,3.6461e-24,1.35986e-23,3.78277e-22,0,0,2.29895e-51,6.30082e-22,2.05581e-22,0,2.58145e-24,0,1.5113e-23,0,1.20415e-21,2.67381e-22,2.26353e-25,0,0,0,2.49006e-05,7.03375e-25,9.46318e-22,5.89731e-29,0,1
0.0044898,1.21872,63.5691,294,-14158.6,0,0,0,7.27272e-27,0,0,1.70328e-25,4.69302e-22,7.3943e-22,3.99048e-41,0,0,0,0.999975,1.47897e-25,6.43218e-23,2.74642e-27,1.6377e-22,1.60808e-30,0,2.47595e-23,0,0,2.84353e-29,0,1.41142e-22,6.39866e-24,2.67972e-28,0,3.6461e-24,1.35986e-23,3.78277e-22,0,0,2.29895e-51,6.30082e-22,2.05581e-22,0,2.58145e-24,0,1.5113e-23,0,1.20415e-21,2.67381e-22,2.26353e-25,0,0,0,2.49006e-05,7.03806e-25,9.46318e-22,5.89731e-29,0,1
0.00469388,1.19219,66.4586,294,-14158.6,0,0,0,7.23835e-27,0,0,1.70402e-25,4.69302e-22,7.3943e-22,3.99048e-41,0,0,0,0.999975,1.47912e-25,6.43218e-23,2.74641e-27,1.6377e-22,1.60808e-30,0,2.47595e-23,0,0,2.153e-29,0,1.41142e-22,6.41322e-24,2.67814e-28,0,3.6461e-24,1.35986e-23,3.78277e-22,0,0,2.29895e-51,6.30082e-22,2.05581e-22,0,2.58145e-24,0,1.5113e-23,0,1.20415e-21,2.67381e-22,2.26353e-25,0,0,0,2.49006e-05,7.04026e-25,9.46318e-22,5.89731e-29,0,1
0.00489796,1.16447,69.3481,294,-14158.6,0,0,0,7.21821e-27,0,0,1.70478e-25,4.69302e-22,7.3943e-22,3.99048e-41,0,0,0,0.999975,1.48079e-25,6.43221e-23,2.7464e-27,1.6377e-22,1.60808e-30,0,2.47595e-23,0,0,1.61931e-29,0,1.41142e-22,6.39884e-24,2.67653e-28,0,3.6461e-24,1.35986e-23,3.78277e-22,0,0,2.29895e-51,6.30082e-22,2.05581e-22,0,2.58145e-24,0,1.5113e-23,0,1.20415e-21,2.67381e-22,2.26353e-25,0,0,0,2.49006e-05,7.04251e-25,9.46318e-22,5.89733e-29,0,1
0.005,1.15017,70.7929,294,-14158.6,0,0,0,7.26923e-27,0,0,1.70516e-25,4.69302e-22,7.3943e-22,3.99048e-41,0,0,0,0.999975,1.48778e-25,6.43235e-23,2.7464e-27,1.6377e-22,1.60808e-30,0,2.47595e-23,0,0,1.38943e-29,0,1.41142e-22,6.38345e-24,2.67571e-28,0,3.6461e-24,1.35986e-23,3.78277e-22,0,0,2.29894e-51,6.30082e-22,2.05581e-22,0,2.58145e-24,0,1.5113e-23,0,1.20415e-21,2.67381e-22,2.26353e-25,0,0,0,2.49006e-05,7.04366e-25,9.46318e-22,5.8974e-29,0,1
0.00510204,1.13557,72.2376,294,-14158.6,0,0,0,7.66009e-27,0,0,1.70555e-25,4.69302e-22,7.3943e-22,3.99048e-41,0,0,0,0.999975,1.52896e-25,6.43314e-23,2.7464e-27,1.6377e-22,1.60808e-30,0,2.47595e-23,0,0,1.19011e-29,0,1.41142e-22,6.3602e-24,2.67488e-28,0,3.6461e-24,1.35986e-23,3.78277e-22,0,0,2.29892e-51,6.30082e-22,2.05581e-22,0,2.58145e-24,0,1.5113e-23,0,1.20415e-21,2.67381e-22,2.26353e-25,0,0,0,2.49006e-05,7.04481e-25,9.46318e-22,5.89786e-29,0,1
0.00520408,1.12068,73.6824,294,-14158.6,0,0,0,1.00278e-26,0,0,1.70594e-25,4.69302e-22,7.3943e-22,3.99048e-41,0,0,0,0.999975,1.76887e-25,6.43774e-23,2.7464e-27,1.6377e-22,1.60808e-30,0,2.47595e-23,0,0,1.01754e-29,0,1.41141e-22,6.32927e-24,2.67404e-28,0,3.6461e-24,1.35986e-23,3.78277e-22,0,0,2.29878e-51,6.30082e-22,2.05581e-22,0,2.58145e-24,0,1.5113e-23,0,1.20415e-21,2.67381e-22,2.26353e-25,0,0,0,2.49006e-05,7.04598e-25,9.46318e-22,5.90049e-29,0,1
0.00530612,1.1055,75.1271,294,-14158.6,0,0,0,2.37628e-26,0,0,1.70634e-25,4.69302e-22,7.3943e-22,3.99048e-41,0,0,0,0.999975,3.15141e-25,6.46428e-23,2.74639e-27,1.63771e-22,1.60808e-30,0,2.47595e-23,0,0,8.68348e-30,0,1.41141e-22,6.29298e-24,2.67318e-28,0,3.64612e-24,1.35986e-23,3.78277e-22,0,0,2.29799e-51,6.30082e-22,2.05581e-22,0,2.58145e-24,0,1.51132e-23,0,1.20415e-21,2.67381e-22,2.26353e-25,0,0,1.57719e-24,2.49006e-05,7.04717e-25,9.46318e-22,5.91567e-29,0,1
0.00540816,1.09002,76.5719,294,-14158.6,0,0,0,1.02119e-25,0,0,1.70675e-25,4.69302e-22,7.3943e-22,3.99048e-41,0,0,0,0.999975,1.10295e-24,6.61548e-23,2.74639e-27,1.63772e-22,1.60808e-30,0,2.47597e-23,0,0,7.39566e-30,0,1.41141e-22,6.26549e-24,2.67231e-28,0,3.6462e-24,1.35986e-23,3.78277e-22,0,0,2.29349e-51,6.30084e-22,2.05581e-22,0,2.58145e-24,0,1.5114e-23,0,1.20415e-21,2.67381e-22,2.26353e-25,0,0,1.2547e-23,2.49006e-05,7.04839e-25,9.46318e-22,6.00215e-29,0,1
0.0055102,1.07425,78.0167,294,-14158.6,0,0,0,5.43546e-25,0,0,1.70721e-25,4.69302e-22,7.3943e-22,3.99048e-41,0,0,0,0.999975,5.54024e-24,7.46715e-23,2.74641e-27,1.63779e-22,1.60808e-30,0,2.47609e-23,0,0,6.28584e-30,0,1.41141e-22,6.32753e-24,2.67143e-28,0,3.64669e-24,1.35986e-23,3.78277e-22,0,0,2.26816e-51,6.30094e-22,2.05581e-22,0,2.58145e-24,0,1.51189e-23,0,1.20415e-21,2.67381e-22,2.26356e-25,0,0,7.43339e-23,2.49006e-05,7.04967e-25,9.46318e-22,6.48925e-29,0,1
0.00561224,1.05818,79.4614,294,-14158.6,0,0,0,3.00037e-24,0,5.49428e-23,1.7079e-25,4.69302e-22,7.3943e-22,3.99048e-41,0,0,0,0.999975,3.02357e-23,1.2207e-22,2.74654e-27,1.63819e-22,1.6081e-30,0,2.47676e-23,0,0,5.33105e-30,0,1.41141e-22,6.92737e-24,2.67055e-28,0,3.64938e-24,1.35986e-23,3.78277e-22,0,0,2.12725e-51,6.30147e-22,2.05582e-22,0,2.58145e-24,0,1.5146e-23,0,1.20415e-21,2.67383e-22,2.26373e-25,0,0,4.18205e-22,2.49006e-05,7.05122e-25,9.4632e-22,9.20021e-29,0,1
0.00571429,1.04181,80.9062,294,-14158.6,0,0,0,1.6506e-23,0,3.84984e-22,1.70981e-25,4.69302e-22,7.3943e-22,3.99048e-41,0,0,0,0.999975,1.6599e-22,3.82627e-22,2.74722e-27,1.6404e-22,1.60816e-30,0,2.48044e-23,0,0,4.5111e-30,0,1.41141e-22,1.0517e-23,2.66974e-28,0,3.66415e-24,1.35986e-23,3.78277e-22,0,0,1.35306e-51,6.30439e-22,2.05584e-22,0,2.58145e-24,0,1.5295e-23,0,1.20415e-21,2.67396e-22,2.26465e-25,0,0,2.30851e-21,2.49006e-05,7.0542e-25,9.46329e-22,2.41027e-28,0,1
0.00581633,1.02515,82.3509,294,-14158.6,0,0,0,8.98088e-23,0,2.17631e-21,1.71834e-25,4.69303e-22,7.3943e-22,3.99048e-41,0,0,0,0.999975,9.02807e-22,1.79682e-21,2.75096e-27,1.65235e-22,1.60851e-30,0,2.50042e-23,0,4.80827e-23,3.80829e-30,0,1.41144e-22,3.03302e-23,2.66931e-28,0,3.74434e-24,1.35986e-23,3.78277e-22,0,0,0,6.32024e-22,2.05596e-22,0,2.58146e-24,0,1.61037e-23,0,1.20415e-21,2.67464e-22,2.26963e-25,0,0,1.25683e-20,2.49006e-05,7.06478e-25,9.46378e-22,1.04987e-27,0,1
0.00591837,1.0082,83.7957,294,-14158.6,0,0,0,4.82477e-22,0,1.17721e-20,1.76216e-25,4.69307e-22,7.3943e-22,3.99048e-41,0,0,0,0.999975,4.84978e-21,9.37238e-21,2.77103e-27,1.71641e-22,1.61039e-30,0,2.60743e-23,0,3.82938e-22,3.2071e-30,8.04679e-23,1.41161e-22,1.36834e-22,2.67108e-28,0,4.1739e-24,1.35986e-23,3.78277e-22,0,0,0,6.40513e-22,2.05663e-22,0,2.58154e-24,0,2.04356e-23,0,1.20415e-21,2.67831e-22,2.29633e-25,0,0,6.75279e-20,2.49006e-05,7.11588e-25,9.46644e-22,5.3827e-27,0,1
0.00602041,0.990952,85.2404,294,-14158.6,0,0,0,2.55763e-21,0,6.24832e-20,1.99186e-25,4.69331e-22,7.3943e-22,3.99048e-41,0,0,0,0.999975,2.57085e-20,4.94072e-20,2.87707e-27,2.05493e-22,1.62032e-30,0,3.17297e-23,0,2.15256e-21,2.69421e-30,1.23631e-21,1.41251e-22,7.00083e-22,2.68442e-28,0,6.44401e-24,1.35986e-23,3.78277e-22,0,0,0,6.85377e-22,2.06016e-22,0,2.58192e-24,0,4.33285e-23,0,1.20415e-21,2.69768e-22,2.43742e-25,0,0,3.57975e-19,2.49006e-05,7.3804e-25,9.48046e-22,2.82805e-26,0,1
0.00612245,0.973408,86.6852,294,-14158.6,0,0,0,1.33721e-20,0,3.26761e-19,3.18709e-25,4.69455e-22,7.3943e-22,3.99048e-41,0,0,0,0.999975,1.34413e-19,2.58046e-19,3.4297e-27,3.81909e-22,1.67207e-30,0,6.12024e-23,0,1.13748e-20,2.25948e-30,7.25991e-21,1.41719e-22,3.63586e-21,2.758e-28,2.00228e-22,1.82745e-23,1.35986e-23,3.78277e-22,0,0,0,9.19185e-22,2.07854e-22,0,2.5839e-24,0,1.62634e-22,0,1.20415e-21,2.7986e-22,3.17272e-25,0,0,1.87162e-18,2.49006e-05,8.75335e-25,9.55356e-22,1.47611e-25,0,1
0.00622449,0.95557,88.1299,294,-14158.6,0,0,0,6.89249e-20,0,1.68432e-18,9.32496e-25,4.70093e-22,7.3943e-22,3.99048e-41,0,0,0,0.999975,6.92812e-19,1.3298e-18,6.26854e-27,1.28814e-21,1.93792e-30,2.59142e-25,2.126e-22,0,5.87486e-20,1.90337e-30,3.82024e-20,1.44124e-22,1.87171e-20,3.14e-28,1.50997e-21,7.90465e-23,1.35986e-23,3.78277e-22,0,3.78523e-23,0,2.12023e-21,2.17295e-22,0,2.59409e-24,0,7.75489e-22,0,1.20415e-21,3.31705e-22,6.94984e-25,0,0,9.64704e-18,2.49006e-05,1.58004e-24,9.92904e-22,7.60598e-25,0,1
0.00632653,0.937437,89.5747,294,-14158.6,0,0,0,3.50081e-19,0,8.55503e-18,4.03873e-24,4.73319e-22,7.3943e-22,3.99048e-41,0,0,7.13915e-23,0.999975,3.51891e-18,6.75401e-18,2.06361e-26,5.87463e-21,3.28341e-30,3.15929e-24,9.78833e-22,0,2.9851e-19,1.68227e-30,1.94804e-19,1.56298e-22,9.50447e-20,5.07736e-28,8.13864e-21,3.86618e-22,1.35986e-23,3.78277e-22,0,3.57286e-22,0,8.19878e-21,2.65078e-22,0,2.64566e-24,0,3.87719e-21,0,1.20415e-21,5.94095e-22,2.60661e-24,0,0,4.89989e-17,2.49006e-05,5.14606e-24,1.18294e-21,3.86296e-24,3.14614e-23,1
0.00642857,0.919009,91.0194,294,-14158.6,0,0,0,1.75137e-18,0,4.27987e-17,1.952e-23,4.89397e-22,7.3943e-22,3.99048e-41,0,0,8.09239e-22,0.999975,1.76042e-17,3.37883e-17,9.22443e-26,2.87337e-20,9.98931e-30,1.76139e-23,4.79774e-21,0,1.49348e-18,1.97777e-30,9.75309e-19,2.16973e-22,4.75462e-19,1.47372e-27,4.1176e-20,1.91955e-21,1.35986e-23,3.78277e-22,0,1.94934e-21,0,3.84943e-20,5.03227e-22,0,2.90266e-24,0,1.93361e-20,5.94674e-26,1.20415e-21,1.90185e-21,1.21342e-23,4.30217e-21,0,2.45129e-16,2.49006e-05,2.29186e-23,2.13007e-21,1.93252e-23,2.73396e-22,1
0.00653061,0.900286,92.4642,294,-14158.6,0,0,3.18088e-27,8.62563e-18,1.64999e-30,2.10787e-16,9.54662e-23,5.68273e-22,7.3943e-22,3.99048e-41,1.75696e-28,1.34877e-41,4.43111e-21,0.999975,8.67021e-17,1.6641e-16,4.43532e-25,1.40873e-19,4.28864e-29,8.85245e-23,2.35321e-20,0,7.35565e-18,5.07044e-30,4.80422e-18,5.14628e-22,2.34167e-18,6.21296e-27,2.03247e-19,9.43966e-21,1.35986e-23,3.78278e-22,0,9.75947e-21,0,1.87115e-19,1.67151e-21,0,4.16344e-24,0,9.51726e-20,4.90957e-25,1.20415e-21,8.31727e-21,5.88734e-23,2.64264e-20,0,1.20728e-15,2.49006e-05,1.10104e-22,6.7764e-21,9.51779e-23,1.46025e-21,1
0.00663265,0.881268,93.9089,294,-14158.6,0,0,3.36285e-26,4.18016e-17,1.74441e-29,1.02152e-15,4.61991e-22,9.48937e-22,7.3943e-22,3.99048e-41,1.40153e-27,1.19124e-40,2.19129e-20,0.999975,4.20177e-16,8.06458e-16,2.13889e-24,6.82072e-19,2.01651e-28,4.30753e-22,1.13946e-19,0,3.56471e-17,2.42082e-29,2.3283e-17,1.95114e-21,1.13482e-17,2.90855e-26,9.85419e-19,4.57325e-20,1.35986e-23,3.78279e-22,0,4.74521e-20,0,9.04374e-19,7.30981e-21,0,1.02481e-23,0,4.61168e-19,2.57337e-24,1.20415e-21,3.92789e-20,2.84442e-22,1.33201e-19,0,5.85074e-15,2.49006e-05,5.30872e-22,2.92001e-20,4.61252e-22,7.18815e-21,1
0.00673469,0.861956,95.3537,294,-14158.6,0,0,1.79369e-25,1.99231e-16,9.30441e-29,4.86868e-15,2.20126e-21,2.7553e-21,7.3943e-22,3.99048e-41,7.22226e-27,6.2111e-40,1.04871e-19,0.999975,2.00261e-15,3.84368e-15,1.01839e-23,3.25022e-18,9.55038e-28,2.05476e-21,5.42988e-19,0,1.69898e-16,1.35133e-28,1.1097e-16,8.76784e-21,5.4087e-17,1.37623e-25,4.69706e-18,2.17953e-19,1.35986e-23,3.78287e-22,0,2.26315e-19,0,4.30798e-18,3.40651e-20,7.30398e-22,3.91218e-23,0,2.19793e-18,1.24551e-23,1.20415e-21,1.86201e-19,1.35483e-21,6.39876e-19,0,2.78853e-14,2.49006e-05,2.52754e-21,1.35607e-19,2.19838e-21,3.43687e-20,1
0.00683673,0.842349,96.7984,294,-14158.6,5.28613e-16,0,8.65698e-25,9.33361e-16,4.49063e-28,2.28088e-14,1.03118e-20,1.11788e-20,7.3943e-22,3.99046e-41,3.43853e-26,2.96406e-39,4.91725e-19,0.999975,9.38185e-15,1.80069e-14,4.76994e-23,1.5226e-17,4.46824e-27,9.62797e-21,2.5437e-18,0,7.95942e-16,7.6466e-28,5.19875e-16,4.05556e-20,2.53387e-16,6.43756e-25,2.20052e-17,1.02105e-18,1.35987e-23,3.78322e-22,0,1.06039e-18,0,2.01797e-17,1.58831e-19,1.70495e-20,1.73766e-22,0,1.02968e-17,5.85355e-23,1.20415e-21,8.71329e-19,6.34629e-21,3.00261e-18,0,1.30637e-13,2.49006e-05,1.18384e-20,6.31807e-19,1.0299e-20,1.61118e-19,1
0.00693878,0.822446,98.2432,294,-14158.6,3.1583e-15,0,4.04138e-24,4.29559e-15,2.09639e-27,1.04973e-13,4.74574e-20,4.97573e-20,7.3943e-22,3.99035e-41,1.58882e-25,1.37031e-38,2.26347e-18,0.999975,4.31779e-14,8.28728e-14,2.19517e-22,7.0074e-17,2.05583e-26,4.4313e-20,1.17068e-17,0,3.66315e-15,4.28306e-27,2.39261e-15,1.8614e-19,1.16616e-15,2.96179e-24,1.01275e-16,4.69917e-18,1.35989e-23,3.78486e-22,3.45367e-23,4.88036e-18,0,9.28706e-17,7.30245e-19,9.17891e-20,7.90421e-22,0,4.73887e-17,2.69579e-22,1.20415e-21,4.00914e-18,2.92066e-20,1.38237e-17,0,6.0123e-13,2.49006e-05,5.44813e-20,2.90435e-18,4.73989e-20,7.41614e-19,1
0.00704082,0.802249,99.6879,294,-14158.6,1.49795e-14,0,1.84682e-23,1.94098e-14,9.58007e-27,4.74325e-13,2.14438e-19,2.2318e-19,7.3943e-22,3.9899e-41,7.18967e-25,6.20177e-38,1.0228e-17,0.999975,1.95102e-13,3.74465e-13,9.91889e-22,3.16632e-16,9.28882e-26,2.00236e-19,5.28975e-17,0,1.65521e-14,2.36574e-26,1.08111e-14,8.40586e-19,5.26935e-15,1.33821e-23,4.57615e-16,2.12334e-17,1.35998e-23,3.79221e-22,2.31351e-22,2.20523e-17,0,4.19638e-16,3.29893e-18,4.27766e-19,3.56247e-21,0,2.14128e-16,1.21828e-21,1.20415e-21,1.81146e-17,1.31971e-19,6.24677e-17,6.29949e-26,2.71669e-12,2.49006e-05,2.46174e-19,1.31201e-17,2.14174e-19,3.35112e-18,1
0.00714286,0.781757,101.133,294,-14158.6,6.71049e-14,0,8.27736e-23,8.60557e-14,4.29383e-26,2.10297e-12,9.50734e-19,9.8788e-19,7.3943e-22,3.9882e-41,3.1906e-24,2.75263e-37,4.53475e-17,0.999975,8.65005e-13,1.66023e-12,4.39765e-21,1.40382e-15,4.11825e-25,8.87786e-19,2.34527e-16,0,7.33857e-14,1.28741e-25,4.79324e-14,3.72635e-18,2.33622e-14,5.933e-23,2.02889e-15,9.41407e-17,1.3604e-23,3.82462e-22,1.0992e-21,9.77714e-17,0,1.86051e-15,1.46255e-17,1.90925e-18,1.57858e-20,0,9.49362e-16,5.40156e-21,1.20415e-21,8.0312e-17,5.85107e-19,2.76962e-16,3.41427e-25,1.20447e-11,2.49006e-05,1.09144e-18,5.81662e-17,9.49565e-19,1.48577e-17,1
0.0072449,0.760971,102.577,294,-14158.6,2.92411e-13,0,3.63822e-22,3.74125e-13,1.88747e-25,9.1426e-12,4.13329e-18,4.29321e-18,7.3943e-22,3.98605e-41,1.38826e-23,1.19838e-36,1.97147e-16,0.999975,3.76058e-12,7.21781e-12,1.91187e-20,6.10308e-15,1.79039e-24,3.8597e-18,1.0196e-15,0,3.19042e-13,6.89902e-25,2.08385e-13,1.61997e-17,1.01567e-13,2.57934e-22,8.82054e-15,4.09274e-16,1.36219e-23,3.96472e-22,4.85036e-21,4.25058e-16,0,8.08851e-15,6.3583e-17,8.31278e-18,6.86195e-20,0,4.12732e-15,2.34833e-20,1.20415e-21,3.49153e-16,2.54373e-18,1.20409e-15,1.54492e-24,5.23642e-11,2.49006e-05,4.74499e-18,2.52873e-16,4.12821e-18,6.45933e-17,1
0.00734694,0.739889,104.022,294,-14158.6,1.24636e-12,2.96239e-22,1.5674e-21,1.59382e-12,8.13499e-25,3.89487e-11,1.76084e-17,1.82881e-17,7.39428e-22,4.07083e-41,5.91909e-23,5.12161e-36,8.39874e-16,0.999975,1.60206e-11,3.07488e-11,8.14481e-20,2.59999e-14,7.62729e-24,1.64431e-17,4.34362e-15,0,1.35916e-12,3.639e-24,8.87746e-13,6.90124e-17,4.32687e-13,1.09883e-21,3.75767e-14,1.74356e-15,1.36977e-23,4.55788e-22,2.07329e-20,1.8108e-15,1.47629e-40,3.44581e-14,2.70872e-16,3.54256e-17,2.9232e-19,0,1.75829e-14,1.00042e-19,1.20415e-21,1.48744e-15,1.08366e-17,5.12958e-15,6.64055e-24,2.23078e-10,2.49006e-05,2.02143e-17,1.07727e-15,1.75867e-17,2.75176e-16,1
0.00755102,0.696841,106.912,294,-14158.6,1.21532e-11,4.48084e-21,1.55042e-20,1.5539e-11,8.07723e-24,3.79732e-10,1.71673e-16,1.78296e-16,7.39415e-22,1.58525e-40,5.77699e-22,5.13386e-35,8.18838e-15,0.999975,1.56193e-10,2.99787e-10,7.94084e-19,2.53487e-13,7.43626e-23,1.60317e-16,4.23483e-14,0,1.32512e-11,4.64261e-23,8.65512e-12,6.72838e-16,4.2185e-12,1.07131e-20,3.66355e-13,1.69989e-14,1.45648e-23,1.13397e-21,2.02324e-19,1.76545e-14,2.1757e-38,3.35951e-13,2.64087e-15,3.45416e-16,2.84996e-18,0,1.71426e-13,9.75365e-19,1.20414e-21,1.45018e-14,1.05652e-16,5.00111e-14,6.49006e-23,2.17491e-09,2.49006e-05,1.9708e-16,1.05029e-14,1.71462e-16,2.68284e-15,1
0.0077551,0.652614,109.801,294,-14158.6,8.76615e-11,3.34678e-20,1.14308e-19,1.12082e-10,6.10571e-23,2.73897e-09,1.23827e-15,1.28603e-15,7.39334e-22,6.44076e-39,4.17361e-21,4.38532e-34,5.9062e-14,0.999975,1.12661e-09,2.16234e-09,5.72767e-18,1.82838e-12,5.36371e-22,1.1564e-15,3.05455e-13,0,9.55798e-11,4.96906e-22,6.24286e-11,4.85312e-15,3.04277e-11,7.72728e-20,2.64249e-12,1.22612e-13,2.05675e-23,5.82904e-21,1.45948e-18,1.2734e-13,1.17209e-36,2.42318e-12,1.90484e-14,2.49148e-15,2.05565e-17,0,1.23648e-12,7.03522e-18,1.20406e-21,1.046e-13,7.6206e-16,3.60725e-13,4.68235e-22,1.56874e-08,2.49006e-05,1.42152e-15,7.57562e-14,1.23674e-15,1.93511e-14,1
0.00795918,0.607208,112.691,294,-14158.6,5.8202e-10,2.23381e-19,7.78282e-19,7.44153e-10,4.80086e-22,1.81851e-08,8.22132e-15,8.53847e-15,7.38869e-22,2.84219e-37,2.77618e-20,5.87538e-33,3.92136e-13,0.999975,7.47999e-09,1.43566e-08,3.80284e-17,1.21393e-11,3.56118e-21,7.67809e-15,2.02803e-12,0,6.34591e-10,5.09709e-21,4.14488e-10,3.22218e-14,2.02021e-10,5.13044e-19,1.75445e-11,8.14066e-13,5.98649e-23,3.65681e-20,9.69016e-18,8.45463e-13,5.19404e-35,1.60885e-11,1.26469e-13,1.65419e-14,1.36483e-16,0,8.20945e-12,4.67096e-17,1.20363e-21,6.94483e-13,5.05961e-15,2.395e-12,3.1089e-21,1.04155e-07,2.49006e-05,9.43802e-15,5.02975e-13,8.21121e-15,1.28479e-13,1
0.00816327,0.560623,115.58,294.001,-14158.6,3.62782e-09,1.39437e-18,4.98555e-18,4.63842e-09,5.50823e-21,1.13351e-07,5.12448e-14,5.32216e-14,7.36458e-22,1.10793e-35,1.73394e-19,1.53873e-31,2.44424e-12,0.999974,4.66239e-08,8.94868e-08,2.37038e-16,7.56664e-11,2.21977e-20,4.7861e-14,1.2641e-11,0,3.9555e-09,5.03627e-20,2.58357e-09,2.00843e-13,1.25923e-09,3.1979e-18,1.09358e-10,5.0742e-12,3.01966e-22,2.25956e-19,6.04004e-17,5.2699e-12,2.02095e-33,1.00282e-10,7.88304e-13,1.03108e-13,8.50717e-16,0,5.11708e-11,2.91148e-16,1.20132e-21,4.32882e-12,3.15374e-14,1.49284e-11,1.93784e-20,6.49214e-07,2.49006e-05,5.88286e-14,3.13512e-12,5.11818e-14,8.00833e-13,0.999999
0.00836735,0.512865,118.47,294.005,-14158.6,2.11872e-08,8.15133e-18,2.99872e-17,2.70893e-08,1.13801e-19,6.61989e-07,2.99281e-13,3.10825e-13,7.25364e-22,3.79094e-34,1.01489e-18,5.50795e-30,1.42749e-11,0.99997,2.72293e-07,5.2262e-07,1.38435e-15,4.41906e-10,1.29652e-19,2.79531e-13,7.3826e-11,0,2.31009e-08,4.78149e-19,1.50885e-08,1.17296e-12,7.35414e-09,1.86767e-17,6.38669e-10,2.96343e-11,1.69763e-21,1.31786e-18,3.5275e-16,3.07772e-11,6.90108e-32,5.85665e-10,4.60385e-12,6.02172e-13,4.96835e-15,3.42893e-25,2.98847e-10,1.70036e-15,1.19041e-21,2.52811e-11,1.84184e-13,8.71846e-11,1.13175e-19,3.79154e-06,2.49005e-05,3.43571e-13,1.83097e-11,2.98912e-13,4.67702e-12,0.999995
0.00857143,0.463955,121.362,294.029,-14158.6,1.15286e-07,4.44118e-17,1.68469e-16,1.47401e-07,2.95581e-18,3.60208e-06,1.62851e-12,1.69129e-12,6.82062e-22,1.12672e-32,5.53617e-18,2.66772e-28,7.76744e-11,0.999946,1.48162e-06,2.84373e-06,7.53262e-15,2.40454e-09,7.0593e-19,1.52108e-12,4.01709e-10,0,1.25699e-07,4.34234e-18,8.2101e-08,6.38245e-12,4.0016e-08,1.0164e-16,3.47518e-09,1.61249e-10,9.17702e-21,7.17134e-18,1.91941e-15,1.67468e-10,2.04808e-30,3.18677e-09,2.50508e-11,3.27659e-12,2.70342e-14,1.73416e-24,1.62611e-09,9.25215e-15,1.1459e-21,1.37562e-10,1.0022e-12,4.74397e-10,6.15873e-19,2.06308e-05,2.48999e-05,1.86947e-12,9.96284e-11,1.62648e-12,2.5449e-11,0.999973
0.00877551,0.413986,124.262,294.148,-14158.6,5.80301e-07,2.24315e-16,8.78493e-16,7.41954e-07,7.19941e-17,1.81314e-05,8.19823e-12,8.51325e-12,5.50666e-22,2.87462e-31,2.79618e-17,1.97727e-26,3.91006e-10,0.999829,7.45789e-06,1.43142e-05,3.79145e-14,1.21035e-08,3.56682e-18,7.65664e-12,2.02204e-09,0,6.32716e-07,3.74038e-17,4.13263e-07,3.2127e-11,2.01424e-07,5.1203e-16,1.74927e-08,8.11661e-10,4.61576e-20,3.616e-17,9.66155e-15,8.42965e-10,5.23432e-29,1.60409e-08,1.26094e-10,1.6493e-11,1.36079e-13,5.29384e-24,8.1852e-09,4.65714e-14,9.98961e-22,6.92431e-10,5.04467e-12,2.38792e-09,3.10166e-18,0.000103847,2.48972e-05,9.41018e-12,5.01488e-10,8.18738e-12,1.281e-10,0.999865
0.00897959,0.363294,127.204,294.682,-14158.6,2.67819e-06,1.05031e-15,4.22514e-15,3.42425e-06,1.48682e-15,8.36794e-05,3.78616e-11,3.92901e-11,2.93057e-22,6.25996e-30,1.29982e-16,1.64253e-24,1.8052e-09,0.9993,3.44194e-05,6.60623e-05,1.74935e-13,5.58596e-08,1.67997e-17,3.53304e-11,9.33205e-09,1.94083e-26,2.92009e-06,3.01001e-16,1.90728e-06,1.48281e-10,9.29607e-07,2.3736e-15,8.07316e-08,3.74596e-09,2.13533e-19,1.6851e-16,4.45897e-14,3.89043e-09,1.15813e-27,7.40316e-08,5.81911e-10,7.61181e-11,6.28027e-13,9.26616e-24,3.77761e-08,2.14931e-13,6.55895e-22,3.19569e-09,2.3282e-11,1.10207e-08,1.43555e-17,0.000479273,2.4885e-05,4.34305e-11,2.31444e-09,3.77951e-11,5.91203e-10,0.999375
0.00918367,0.312944,130.325,296.853,-14158.6,1.11953e-05,4.69011e-15,1.86962e-14,1.43139e-05,2.43243e-14,0.000349793,1.58807e-10,1.64239e-10,6.56486e-23,1.19969e-28,5.56707e-16,1.10634e-22,7.55961e-09,0.997151,0.000143879,0.000276151,7.30268e-13,2.33502e-07,7.70882e-17,1.47514e-10,3.90094e-08,2.45531e-25,1.22065e-05,2.23041e-15,7.97274e-06,6.20029e-10,3.88589e-06,1.01423e-14,3.37471e-07,1.56587e-08,9.04704e-19,7.39129e-16,1.86393e-13,1.62626e-08,2.37721e-26,3.09465e-07,2.43174e-09,3.18186e-10,2.6252e-12,6.25439e-24,1.5791e-07,8.98363e-13,2.2498e-22,1.33585e-08,9.73225e-11,4.60681e-08,6.08775e-17,0.00200344,2.48355e-05,1.81567e-10,9.67442e-09,1.5818e-10,2.47132e-09,0.997388
0.00938776,0.265615,134.094,304.615,-14158.6,4.15646e-05,2.23988e-14,7.73048e-14,5.31432e-05,2.79226e-13,0.00129868,5.98798e-10,6.09767e-10,4.51833e-24,2.3525e-27,2.26896e-15,4.98507e-21,2.83002e-08,0.989491,0.000534178,0.00102527,2.6967e-12,8.66921e-07,3.85522e-16,5.44565e-10,1.4483e-07,4.14243e-24,4.53189e-05,1.58682e-14,2.96003e-05,2.30531e-09,1.44269e-05,4.13647e-14,1.25293e-06,5.8136e-08,3.57088e-18,3.35379e-15,6.92027e-13,6.03781e-08,5.85106e-25,1.14896e-06,9.01562e-09,1.18133e-09,9.74572e-12,4.83976e-24,5.86272e-07,3.33383e-12,2.84424e-23,4.9596e-08,3.61329e-10,1.71037e-07,2.40978e-16,0.00743815,2.46591e-05,6.7445e-10,3.5913e-08,5.90528e-10,9.17527e-09,0.990302
0.00959184,0.225811,139.718,328.032,-14158.6,0.000132373,1.36667e-13,3.17e-13,0.000169248,1.80841e-12,0.00413596,2.0228e-09,1.94193e-09,9.75932e-26,6.34768e-26,9.8007e-15,1.22701e-19,9.31422e-08,0.966585,0.00170122,0.00326521,8.48532e-12,2.76091e-06,2.01758e-15,1.69369e-09,4.61246e-07,1.42487e-22,0.000144329,1.30605e-13,9.42697e-05,7.38525e-09,4.5943e-05,1.78837e-13,3.99027e-06,1.85149e-07,1.42614e-17,1.94115e-14,2.204e-12,1.92289e-07,2.7677e-23,3.65924e-06,2.85519e-08,3.76222e-09,3.10241e-11,7.94723e-23,1.86713e-06,1.05936e-11,8.75002e-24,1.57951e-07,1.15074e-09,5.4471e-07,9.63473e-16,0.0236887,2.41315e-05,2.15233e-09,1.14307e-07,1.92182e-09,2.9221e-08,0.969115
0.00979592,0.195511,149.061,383.476,-14158.6,0.000343264,1.07716e-12,1.36673e-12,0.000438887,5.6056e-12,0.0107252,6.17421e-09,5.03557e-09,9.92842e-28,2.71672e-24,5.00957e-14,1.40755e-18,2.67242e-07,0.913388,0.00441155,0.00846723,2.22333e-11,7.15937e-06,9.9487e-15,4.04193e-09,1.19606e-06,9.10283e-21,0.000374269,1.39837e-12,0.000244456,1.9538e-08,0.000119112,9.02941e-13,1.03474e-05,4.8012e-07,6.68573e-17,1.53005e-13,5.71613e-12,4.98637e-07,2.93851e-21,9.48986e-06,7.27352e-08,9.75589e-09,8.0269e-11,2.8203e-21,4.84177e-06,2.71443e-11,1.71017e-22,4.09592e-07,2.98406e-09,1.41252e-06,4.31711e-15,0.0614285,2.29063e-05,5.61564e-09,2.95857e-07,5.3113e-09,7.57746e-08,0.919909
0.00989796,0.182213,155.562,428.575,-14158.6,0.000514755,3.98434e-12,3.32206e-12,0.000658152,8.49354e-12,0.0160834,1.10134e-08,7.55096e-09,5.71828e-29,2.94616e-23,1.39269e-13,4.2548e-18,4.56312e-07,0.87013,0.00661551,0.0126974,3.63465e-11,1.07358e-05,3.50649e-14,5.32562e-09,1.79345e-06,1.04653e-19,0.00056125,6.58998e-12,0.000366584,3.02349e-08,0.000178562,2.60905e-12,1.5517e-05,7.19984e-07,2.02276e-16,5.93459e-13,8.58578e-12,7.4775e-07,4.46282e-20,1.42326e-05,1.06499e-07,1.46291e-08,1.19686e-10,2.91721e-20,7.26067e-06,3.93473e-11,1.35321e-21,6.14219e-07,4.47486e-09,2.1182e-06,1.1377e-14,0.0921175,2.19099e-05,8.46926e-09,4.42495e-07,8.54725e-09,1.1363e-07,0.879896
0.01,0.167815,163.289,485.884,-14158.6,0.000731046,1.3789e-11,6.86978e-12,0.0009347,1.18955e-11,0.0228414,1.88376e-08,1.07232e-08,6.92907e-28,2.6462e-22,3.36892e-13,1.19855e-17,7.60032e-07,0.815571,0.00939523,0.0180326,6.087e-11,1.52464e-05,1.3687e-13,6.15257e-09,2.54654e-06,1.05626e-18,0.000797077,2.71406e-11,0.000520616,4.48884e-08,0.000253478,6.85835e-12,2.20374e-05,1.02251e-06,5.90458e-16,1.93758e-12,1.22508e-11,1.06194e-06,5.92542e-19,2.0216e-05,1.46414e-07,2.07733e-08,1.68049e-10,2.4193e-19,1.03115e-05,5.19869e-11,8.04175e-21,8.72302e-07,6.35512e-09,3.00823e-06,2.79215e-14,0.130824,2.06533e-05,1.20628e-08,6.2615e-07,1.30588e-08,1.61374e-07,0.829431
0.010102,0.150135,171.777,553.286,-14158.6,0.000982816,4.36744e-11,1.21127e-11,0.00125661,1.6258e-11,0.0307079,3.04213e-08,1.44151e-08,9.99615e-27,1.8842e-21,6.95219e-13,3.54963e-17,1.23658e-06,0.752063,0.0126309,0.0242429,1.06261e-10,2.04961e-05,5.20675e-13,5.95691e-09,3.42192e-06,8.55829e-18,0.00107159,9.63683e-11,0.000699913,6.41042e-08,0.000340559,1.62847e-11,2.96279e-05,1.37468e-06,1.72086e-15,5.56355e-12,1.67042e-11,1.42767e-06,6.1449e-18,2.71838e-05,1.88485e-07,2.79193e-08,2.20944e-10,1.58722e-18,1.38627e-05,5.94415e-11,3.67697e-20,1.17272e-06,8.54381e-09,4.04425e-06,6.41036e-14,0.175879,1.91906e-05,1.60004e-08,8.37624e-07,1.85784e-08,2.16941e-07,0.770687
0.0102041,0.127831,180.437,628.468,-14158.6,0.00125836,1.19292e-10,1.83014e-11,0.00160893,2.2444e-11,0.0393171,4.58255e-08,1.84548e-08,1.00071e-25,9.8394e-21,1.20456e-12,1.18217e-16,1.97719e-06,0.682559,0.0161721,0.0310397,1.84089e-10,2.62402e-05,1.75281e-12,4.60275e-09,4.3768e-06,5.44987e-17,0.00137202,2.77918e-10,0.000896139,8.83172e-08,0.000435643,3.48531e-11,3.79369e-05,1.76012e-06,4.92672e-15,1.39211e-11,2.21855e-11,1.82793e-06,4.57582e-17,3.48138e-05,2.28007e-07,3.57235e-08,2.72045e-10,8.157e-18,1.77493e-05,5.3132e-11,1.23389e-19,1.5015e-06,1.09392e-08,5.17808e-06,1.36647e-13,0.225188,1.75897e-05,1.9073e-08,1.06519e-06,2.395e-08,2.77713e-07,0.706397
0.0103061,0.100418,188.697,709.516,-14158.6,0.00154544,2.77619e-10,2.46615e-11,0.00197602,3.23797e-11,0.0482868,6.38005e-08,2.26611e-08,6.96085e-25,3.84833e-20,1.81481e-12,4.21844e-16,3.12761e-06,0.610144,0.0198616,0.038121,2.914e-10,3.22206e-05,5.17906e-12,2.82796e-09,5.36589e-06,2.91681e-16,0.00168503,6.5142e-10,0.00110058,1.16806e-07,0.000534333,7.01231e-11,4.65968e-05,2.16179e-06,1.36517e-14,3.02507e-11,2.95008e-11,2.24495e-06,2.44856e-16,4.27691e-05,2.60356e-07,4.38174e-08,3.16063e-10,3.72169e-17,2.17986e-05,3.15371e-11,3.16105e-19,1.84404e-06,1.34349e-08,6.35935e-06,2.72909e-13,0.276562,1.59218e-05,1.83521e-08,1.29597e-06,2.66514e-08,3.40884e-07,0.639416
0.0104082,0.0679944,196.101,794.931,-14158.6,0.00183239,5.81491e-10,3.25698e-11,0.00234297,5.37011e-11,0.0572523,8.18997e-08,2.68488e-08,4.18e-24,1.34596e-19,2.69131e-12,1.61569e-15,4.92162e-06,0.537764,0.0235493,0.045199,4.18431e-10,3.81889e-05,1.40786e-11,1.60962e-09,6.34721e-06,1.56489e-15,0.00199791,1.34071e-09,0.00130494,1.46876e-07,0.000632345,1.42056e-10,5.52573e-05,2.56346e-06,3.68971e-14,5.7223e-11,4.04575e-11,2.66176e-06,1.01968e-15,5.07279e-05,2.81792e-07,5.18363e-08,3.55454e-10,1.86178e-16,2.5846e-05,1.26402e-11,7.26864e-19,2.18645e-06,1.59299e-08,7.54002e-06,5.28344e-13,0.327912,1.42547e-05,1.14689e-08,1.51677e-06,2.3451e-08,4.03649e-07,0.572465
0.0105102,0.030969,202.346,883.484,-14158.6,0.00210926,1.15852e-09,4.6695e-11,0.00269707,1.17793e-10,0.0659027,9.73811e-08,3.07829e-08,2.83673e-23,5.2547e-19,4.64518e-12,6.9769e-15,7.73637e-06,0.467926,0.0271074,0.0520283,5.87499e-10,4.39315e-05,3.61669e-11,1.00719e-09,7.28659e-06,9.79465e-15,0.00229981,2.65806e-09,0.00150211,1.73566e-07,0.000725849,3.01308e-10,6.36147e-05,2.95142e-06,9.94032e-14,9.5453e-11,5.84498e-11,3.06392e-06,3.58154e-15,5.84153e-05,2.90189e-07,5.94557e-08,4.03478e-10,1.0491e-15,2.97512e-05,5.30704e-12,1.75598e-18,2.51689e-06,1.83381e-08,8.6791e-06,1.04083e-12,0.377458,1.26462e-05,5.06653e-09,1.7151e-06,1.45032e-08,4.63557e-07,0.507867
0.0106122,-0.0101249,207.277,974.08,-14158.6,0.00236881,2.27058e-09,7.72028e-11,0.00302909,3.39626e-10,0.0740121,1.08323e-07,3.39866e-08,2.55394e-22,2.62227e-18,1.03375e-11,3.3195e-14,1.22002e-05,0.402457,0.030443,0.0584304,8.58111e-10,4.92933e-05,8.64731e-11,7.24289e-10,8.15995e-06,6.5838e-14,0.00258285,5.38962e-09,0.00168694,1.90257e-07,0.000811715,6.67003e-10,7.14377e-05,3.31591e-06,2.67527e-13,1.44184e-10,8.93609e-11,3.44087e-06,1.12172e-14,6.56305e-05,2.85364e-07,6.64272e-08,4.7695e-10,5.74264e-15,3.34121e-05,3.09278e-12,4.68619e-18,2.82679e-06,2.05984e-08,9.74675e-06,2.16078e-12,0.423905,1.11383e-05,2.55827e-09,1.88055e-06,6.96101e-09,5.19051e-07,0.447309
0.0107143,-0.0547289,210.864,1065.8,-14158.6,0.00260698,4.46885e-09,1.46189e-10,0.00333388,1.10417e-09,0.0814536,1.1509e-07,3.54154e-08,3.07306e-21,1.66983e-17,2.89335e-11,1.63502e-13,1.93747e-05,0.342379,0.0335038,0.0643054,1.31147e-09,5.41917e-05,1.86515e-10,6.01809e-10,8.95462e-06,4.11878e-13,0.00284263,1.1212e-08,0.0018565,1.96522e-07,0.000887515,1.51363e-09,7.85912e-05,3.65203e-06,6.95163e-13,2.03502e-10,1.43605e-10,3.78668e-06,3.25872e-14,7.22599e-05,2.68887e-07,7.26011e-08,5.86725e-10,2.81251e-14,3.67715e-05,2.48302e-12,1.37685e-17,3.1114e-06,2.26791e-08,1.07262e-05,4.74097e-12,0.466527,9.75451e-06,1.61503e-09,2.00597e-06,3.93895e-09,5.69604e-07,0.391738
0.0108163,-0.102301,213.182,1157.6,-14158.6,0.00282164,8.88642e-09,3.02164e-10,0.00360877,3.60748e-09,0.0881609,1.21158e-07,3.35973e-08,4.60785e-20,1.27825e-16,9.47331e-11,8.02476e-13,3.09913e-05,0.288228,0.0362626,0.0696007,2.07638e-09,5.85968e-05,3.59737e-10,5.90585e-10,9.66538e-06,2.26139e-12,0.00307682,2.29382e-08,0.00200914,2.09125e-07,0.000950867,3.46175e-09,8.49958e-05,3.95835e-06,1.65956e-12,2.74808e-10,2.40414e-10,4.09816e-06,8.96463e-14,7.82431e-05,2.43559e-07,7.78977e-08,7.3659e-10,1.21702e-13,3.97993e-05,2.67556e-12,4.60946e-17,3.36834e-06,2.45697e-08,1.16085e-05,1.07668e-11,0.504944,8.50728e-06,1.20527e-09,2.08767e-06,2.94665e-09,6.15147e-07,0.34165
0.0109184,-0.152328,214.338,1248.52,-14158.6,0.00301222,1.79644e-08,6.61927e-10,0.00385322,1.13804e-08,0.0941177,1.31379e-07,2.81445e-08,8.00905e-19,1.12284e-15,3.43738e-10,3.90043e-12,5.0015e-05,0.240135,0.0387125,0.0743037,3.40191e-09,6.25366e-05,6.47256e-10,7.05578e-10,1.02939e-05,1.0912e-11,0.00328485,4.46527e-08,0.00214418,2.54123e-07,0.000998854,7.972e-09,9.06066e-05,4.23741e-06,3.5356e-12,3.61233e-10,4.19123e-10,4.3743e-06,2.37731e-13,8.35646e-05,2.12386e-07,8.2294e-08,9.31381e-10,4.73814e-13,4.24877e-05,3.67379e-12,1.83433e-16,3.59723e-06,2.62831e-08,1.23912e-05,2.4936e-11,0.539063,7.39957e-06,1.03119e-09,2.1226e-06,2.62524e-09,6.56051e-07,0.297165
0.0110204,-0.20432,214.448,1337.68,-14158.6,0.00317961,3.71406e-08,1.53487e-09,0.00406875,3.45533e-08,0.0993552,1.49959e-07,2.14529e-08,1.48046e-17,1.06184e-14,1.3038e-09,1.86605e-11,8.15873e-05,0.197846,0.0408663,0.078439,5.80175e-09,6.61165e-05,1.16013e-09,1.03029e-09,1.08494e-05,4.7246e-11,0.00346767,8.31926e-08,0.00226163,3.62148e-07,0.00102721,1.86157e-08,9.54079e-05,4.49744e-06,6.66458e-12,4.68995e-10,7.63845e-10,4.61608e-06,6.17234e-13,8.8253e-05,1.78015e-07,8.58171e-08,1.18418e-09,1.70001e-12,4.48494e-05,5.92988e-12,8.49697e-16,3.79962e-06,2.78649e-08,1.30782e-05,5.85424e-11,0.569065,6.42554e-06,9.93734e-10,2.10417e-06,2.65491e-09,6.93359e-07,0.258048
0.0111224,-0.257806,213.628,1424.28,-14158.6,0.00332524,7.86516e-08,3.76188e-09,0.00425815,1.01511e-07,0.103927,1.80029e-07,1.67598e-08,2.69547e-16,1.00902e-13,4.8819e-09,8.62624e-11,0.000134228,0.160926,0.0427458,0.0820494,1.0335e-08,6.95414e-05,2.18933e-09,1.76762e-09,1.13485e-05,1.87263e-10,0.00362666,1.53206e-07,0.00236108,5.90014e-07,0.0010291,4.41572e-08,9.93982e-05,4.75495e-06,1.12017e-11,6.09393e-10,1.45537e-09,4.82494e-06,1.58358e-12,9.23611e-05,1.42705e-07,8.85244e-08,1.52099e-09,5.72705e-12,4.69048e-05,1.04568e-11,4.32305e-15,3.97813e-06,2.94072e-08,1.36758e-05,1.38736e-10,0.59526,5.5751e-06,1.06419e-09,2.02111e-06,3.03804e-09,7.29011e-07,0.223895
0.0112245,-0.312328,211.982,1507.62,-14158.6,0.00345037,1.69391e-07,9.56156e-09,0.00442532,2.88494e-07,0.107899,2.23798e-07,1.49454e-08,4.57921e-15,9.18103e-13,1.74132e-08,3.76607e-10,0.000220254,0.128851,0.044377,0.0851866,1.91146e-08,7.31748e-05,4.49231e-09,3.33522e-09,1.18168e-05,6.86104e-10,0.00376255,2.86092e-07,0.00244019,1.0516e-06,0.000994854,1.05311e-07,0.000102606,5.04079e-06,1.72352e-11,8.01628e-10,2.87214e-09,5.00164e-06,4.01105e-12,9.59616e-05,1.08568e-07,9.0503e-08,1.98417e-09,1.82496e-11,4.86725e-05,1.9079e-11,2.29213e-14,4.13594e-06,3.10828e-08,1.41912e-05,3.28953e-10,0.618023,4.8361e-06,1.24883e-09,1.86591e-06,3.92834e-09,7.66492e-07,0.194216
0.0113265,-0.367444,209.608,1587.11,-14158.6,0.00355507,3.64689e-07,2.44499e-08,0.00457596,7.86359e-07,0.111335,2.83313e-07,1.5522e-08,6.97836e-14,7.72126e-12,5.79723e-08,1.51637e-09,0.000352946,0.101081,0.0457854,0.0879045,3.62e-08,7.76399e-05,1.00617e-08,6.47884e-09,1.22911e-05,2.31862e-09,0.00387351,5.42225e-07,0.00249162,1.93756e-06,0.000914723,2.47617e-07,0.000105144,5.40918e-06,2.57259e-11,1.07932e-09,5.76198e-09,5.14444e-06,9.90882e-12,9.91516e-05,7.77985e-08,9.18888e-08,2.63774e-09,5.47511e-11,5.01577e-05,3.45183e-11,1.21091e-13,4.27619e-06,3.32017e-08,1.46296e-05,7.6889e-10,0.637746,4.19579e-06,1.58282e-09,1.64995e-06,5.62708e-09,8.12085e-07,0.168502
0.0114286,-0.422743,206.591,1662.42,-14158.6,0.00363637,7.68988e-07,6.12455e-08,0.00471916,2.03599e-06,0.114298,3.62273e-07,1.84049e-08,9.32194e-13,5.8217e-11,1.77164e-07,5.50429e-09,0.000538943,0.0771124,0.0469927,0.0902561,6.93383e-08,8.39481e-05,2.39838e-08,1.23275e-08,1.28147e-05,7.17831e-09,0.00395129,1.02383e-06,0.00249799,3.47389e-06,0.000786049,5.62844e-07,0.000107271,5.94408e-06,4.20068e-11,1.51422e-09,1.15093e-08,5.24605e-06,2.34892e-11,0.000102072,5.25195e-08,9.29103e-08,3.59329e-09,1.53262e-10,5.13351e-05,6.00012e-11,6.11692e-13,4.40053e-06,3.62714e-08,1.49914e-05,1.74603e-09,0.654808,3.64183e-06,2.14963e-09,1.40199e-06,8.62502e-09,8.76819e-07,0.146255
0.0115306,-0.477878,203.005,1733.53,-14158.6,0.00368565,1.56929e-06,1.48939e-07,0.00487096,5.01173e-06,0.116837,4.69127e-07,2.42588e-08,1.11144e-11,3.88163e-10,4.92983e-07,1.78248e-08,0.000769901,0.0565205,0.0480111,0.0922925,1.34275e-07,9.35991e-05,5.8486e-08,2.2377e-08,1.34146e-05,2.03504e-08,0.00397445,1.87944e-06,0.00242638,5.77249e-06,0.000620966,1.22546e-06,0.000109377,6.74666e-06,9.21789e-11,2.30268e-09,2.26375e-08,5.28836e-06,5.29913e-11,0.000104939,3.40554e-08,9.39598e-08,5.11721e-09,3.99949e-10,5.21287e-05,9.91536e-11,2.88368e-12,4.50551e-06,4.10024e-08,1.52643e-05,3.84109e-09,0.669563,3.16281e-06,3.12571e-09,1.14185e-06,1.36456e-08,9.78593e-07,0.127018
0.0116327,-0.53258,198.917,1800.86,-14158.6,0.00368605,3.13047e-06,3.59817e-07,0.00506084,1.20148e-05,0.118984,6.2619e-07,3.49313e-08,1.3265e-10,2.36264e-09,1.27227e-06,5.25324e-08,0.00102318,0.0389808,0.0488341,0.0940657,2.68465e-07,0.000108673,1.43061e-07,3.88592e-08,1.40696e-05,5.37102e-08,0.00389834,3.30012e-06,0.00222955,8.6844e-06,0.000445844,2.58273e-06,0.000111743,7.88288e-06,3.27455e-10,4.10379e-09,4.43765e-08,5.23285e-06,1.15292e-10,0.000108096,2.22107e-08,9.56895e-08,8.02878e-09,9.9428e-10,5.23936e-05,1.62844e-10,1.29717e-11,4.57427e-06,4.82073e-08,1.54088e-05,8.39305e-09,0.682325,2.74847e-06,4.82125e-09,8.73476e-07,2.18029e-08,1.14323e-06,0.110378
0.0117347,-0.586599,194.387,1865.03,-14158.6,0.00361056,6.46823e-06,9.45016e-07,0.00534547,3.02164e-05,0.120742,9.10363e-07,5.60797e-08,2.01601e-09,1.50192e-08,3.27926e-06,1.52503e-07,0.00127623,0.0242764,0.0494168,0.0956357,5.92783e-07,0.000132295,3.67764e-07,6.7547e-08,1.46933e-05,1.39435e-07,0.00364393,5.62027e-06,0.00186007,1.19004e-05,0.000287817,5.48513e-06,0.000113878,9.27818e-06,1.95795e-09,9.65443e-09,9.12523e-08,4.99936e-06,2.57068e-10,0.000112075,1.54398e-08,9.91081e-08,1.52233e-08,2.53631e-09,5.18998e-05,3.40242e-10,6.33408e-11,4.55694e-06,5.86536e-08,1.53259e-05,1.98026e-08,0.693375,2.38974e-06,7.78927e-09,6.06163e-07,3.58798e-08,1.4037e-06,0.0959711
0.0118367,-0.639408,189.467,1925.99,-14158.6,0.00341433,1.66106e-05,3.63153e-06,0.0058513,9.81495e-05,0.122026,1.65717e-06,1.08188e-07,4.44545e-08,1.40339e-07,9.91001e-06,5.24288e-07,0.00149684,0.0123436,0.049614,0.0970902,1.76399e-06,0.000169737,1.17313e-06,1.32246e-07,1.49774e-05,4.16775e-07,0.00308507,1.0099e-05,0.00128889,1.46189e-05,0.000155758,1.25283e-05,0.00011245,1.05135e-05,1.82633e-08,3.2728e-08,2.12099e-07,4.40387e-06,7.06221e-10,0.000117769,1.17655e-08,1.05557e-07,3.632e-08,8.22665e-09,5.02604e-05,1.62089e-09,4.65776e-10,4.31624e-06,7.29982e-08,1.47445e-05,5.93989e-08,0.702959,2.0786e-06,1.28342e-08,3.39609e-07,6.90462e-08,1.79018e-06,0.0834759
0.0119388,-0.688623,184.201,1978.85,-14158.6,0.00297419,6.50627e-05,3.42851e-05,0.00700763,0.000516668,0.122294,3.99069e-06,2.12949e-07,1.07499e-06,2.00294e-06,3.17145e-05,2.06994e-06,0.00132634,0.00377234,0.0488454,0.0986244,8.63777e-06,0.000218489,4.39405e-06,2.92089e-07,1.27707e-05,1.52068e-06,0.00200934,1.70358e-05,0.000545788,9.56337e-06,4.2435e-05,2.89366e-05,9.42434e-05,9.96965e-06,1.93785e-07,1.3577e-07,4.87119e-07,3.02399e-06,2.92798e-09,0.000127214,9.78236e-09,1.16433e-07,8.39084e-08,4.18941e-08,4.61779e-05,1.17394e-08,5.07545e-09,3.47127e-06,9.02141e-08,1.27003e-05,2.25835e-07,0.711297,1.80791e-06,1.04843e-08,6.92465e-08,1.65721e-07,2.13526e-06,0.0726052
0.0120408,-0.719755,178.597,1988.27,-14158.6,0.00197,0.000215059,0.000508956,0.0112742,0.00261231,0.118901,5.95621e-06,2.29025e-07,4.39481e-06,3.85629e-06,1.77207e-05,1.68974e-06,0.000250239,0.000390944,0.0435036,0.100904,1.49486e-05,0.000106203,3.36725e-06,1.67845e-07,3.09253e-06,1.44948e-06,0.000374753,4.91275e-06,4.73963e-05,4.26998e-07,1.42253e-06,2.54201e-05,3.17871e-05,3.08345e-06,6.16254e-07,2.47578e-07,3.97312e-07,8.55182e-07,9.92791e-09,0.000146694,1.34175e-08,1.39231e-07,1.06153e-07,1.20374e-07,2.99419e-05,7.24291e-09,8.36788e-09,1.4099e-06,8.58376e-08,6.58002e-06,5.04124e-07,0.718627,1.57006e-06,5.38996e-10,1.41452e-09,1.29364e-07,5.66017e-07,0.063053
0.0121429,-0.712372,172.601,1904.34,-14158.6,0.000988936,0.000246659,0.00178557,0.0263268,0.00450103,0.108662,9.11881e-06,3.98102e-07,2.44449e-07,3.28203e-07,1.32823e-06,1.51596e-07,1.27856e-05,2.51112e-05,0.0298623,0.102097,2.45398e-06,1.23096e-05,3.00714e-07,1.80246e-08,2.76209e-07,1.2952e-07,2.17994e-05,2.91257e-07,2.23292e-06,7.50766e-09,2.48004e-08,3.40958e-06,4.09554e-06,2.70986e-07,1.41927e-07,9.9889e-08,8.81686e-08,1.27847e-07,1.09849e-08,0.000152866,3.33519e-08,2.15376e-07,5.93311e-08,3.87829e-08,9.72959e-06,2.55608e-10,9.10855e-10,2.91529e-07,3.68269e-08,2.1855e-06,3.13186e-07,0.725265,1.35494e-06,8.69841e-12,1.91981e-11,2.08442e-08,4.62796e-08,0.0544142
0.0122449,-0.691369,166.183,1787.61,-14158.6,0.000504253,0.000170849,0.00222595,0.0488756,0.00412296,0.0959786,1.50566e-05,6.23342e-07,3.4645e-09,9.44636e-09,5.72826e-08,5.96714e-09,5.32498e-07,1.70898e-06,0.0187908,0.0977425,1.79449e-07,8.73315e-07,1.28437e-08,1.15368e-09,2.08294e-08,4.43325e-09,9.69695e-07,1.12493e-08,1.08335e-07,1.42382e-10,4.62488e-10,1.99103e-07,4.11542e-07,1.63267e-08,2.63599e-08,2.83669e-08,1.64565e-08,1.95981e-08,7.11435e-09,0.000138887,5.97504e-08,3.18269e-07,2.94892e-08,7.29752e-09,2.90933e-06,4.75357e-11,4.13527e-11,5.35316e-08,1.21401e-08,7.17289e-07,1.13784e-07,0.731423,1.15539e-06,1.00834e-13,3.04931e-13,1.63023e-09,2.79735e-09,0.0464
0.0123469,-0.660461,159.382,1647.33,-14158.6,0.000248459,9.42947e-05,0.0018912,0.0745188,0.00288519,0.0829181,2.28712e-05,9.58762e-07,2.78122e-11,1.90935e-10,2.32968e-09,2.07831e-10,2.78275e-08,1.58546e-07,0.0117858,0.0883776,2.18238e-08,6.654e-08,4.96158e-10,8.5996e-11,2.05669e-09,1.11429e-10,4.74077e-08,4.14397e-10,6.72335e-09,4.41334e-12,1.21746e-11,9.94303e-09,4.53647e-08,1.0686e-09,4.9906e-09,8.36403e-09,3.61412e-09,3.89869e-09,3.53182e-09,0.000118954,9.85545e-08,4.00513e-07,1.89074e-08,1.2009e-09,1.03488e-06,1.75674e-11,1.44974e-12,1.16895e-08,4.25223e-09,2.79694e-07,3.91334e-08,0.737135,9.70333e-07,1.26735e-15,7.21384e-15,1.30293e-10,1.87337e-10,0.0389683
0.012449,-0.61922,152.25,1484.8,-14158.6,0.000116858,4.22602e-05,0.00122613,0.100904,0.00161266,0.0698701,3.25264e-05,1.63988e-06,1.74395e-13,3.61628e-12,1.14027e-10,8.89114e-12,2.31918e-09,2.43032e-08,0.00776018,0.0759419,6.07245e-09,7.50135e-09,2.40254e-11,1.09221e-11,3.57798e-10,2.5589e-12,3.28759e-09,1.64078e-11,6.25569e-10,3.25467e-13,5.76525e-13,5.68874e-10,6.72187e-09,1.04286e-10,9.56949e-10,2.75642e-09,1.01299e-09,1.11963e-09,1.34482e-09,9.86095e-05,1.76093e-07,4.1662e-07,1.50305e-08,1.83969e-10,4.98868e-07,9.4173e-12,4.92624e-14,3.52425e-09,1.80795e-09,1.42486e-07,1.51415e-08,0.742391,8.00023e-07,2.50666e-17,3.11133e-16,1.49511e-11,1.75217e-11,0.0321287
0.012551,-0.568863,144.85,1306.35,-14158.6,5.82632e-05,1.46177e-05,0.000599502,0.126249,0.000712633,0.0571304,4.32899e-05,3.32449e-06,9.68903e-16,7.33658e-14,7.77006e-12,5.6061e-13,3.4647e-10,6.97712e-09,0.00546769,0.0624643,1.80594e-09,1.49493e-09,1.80408e-12,3.03589e-12,1.29987e-10,6.07767e-14,4.07521e-10,7.33849e-13,1.00504e-10,5.9808e-14,6.5968e-14,4.24034e-11,1.5284e-09,1.98594e-11,1.66637e-10,9.26387e-10,3.44313e-10,4.64106e-10,3.64782e-10,7.94608e-05,4.04464e-07,3.69569e-07,1.29575e-08,2.38185e-11,3.19019e-07,7.23641e-12,1.714e-15,1.56606e-09,9.50167e-10,9.25879e-08,6.54704e-09,0.747176,6.44984e-07,1.1306e-18,2.95341e-17,3.22987e-12,2.74692e-12,0.0259024
0.0126531,-0.512423,137.28,1122.35,-14158.6,3.43468e-05,3.32697e-06,0.000208944,0.149319,0.000244182,0.0451517,4.97209e-05,5.87761e-06,3.14237e-18,1.22394e-15,6.44765e-13,4.56049e-14,7.97697e-11,3.2913e-09,0.00400644,0.0494452,3.54811e-10,4.72029e-10,1.83245e-13,1.6952e-12,8.40755e-11,1.32896e-15,8.90575e-11,3.44017e-14,2.62134e-11,1.71626e-14,1.81081e-14,3.42079e-12,5.02801e-10,7.39833e-12,2.05716e-11,2.65701e-10,1.18186e-10,2.46888e-10,5.83637e-11,6.17353e-05,1.27713e-06,2.98789e-07,1.0359e-08,2.1452e-12,2.32088e-07,6.51368e-12,4.59713e-17,9.40374e-10,6.04572e-10,6.73891e-08,2.83597e-09,0.751467,5.05966e-07,1.17305e-19,5.59678e-18,1.23528e-12,6.64879e-13,0.0203194
0.0128571,-0.395168,122.087,775.654,-14158.6,1.75272e-05,1.09511e-07,2.67902e-05,0.187726,3.40213e-05,0.0245216,3.26831e-05,5.46239e-06,1.72856e-22,7.78514e-19,1.43476e-14,8.76938e-16,8.82922e-12,1.64563e-09,0.00211653,0.0268554,7.52408e-12,1.37516e-10,4.86998e-15,1.8685e-12,5.97434e-11,1.65091e-18,3.39348e-11,3.96232e-16,9.75337e-12,2.34897e-15,7.40101e-15,9.11694e-14,1.84702e-10,3.70796e-12,5.88754e-13,1.73696e-11,1.69859e-11,1.15436e-10,5.70364e-13,3.00509e-05,5.87271e-06,1.62236e-07,3.77993e-09,8.79555e-15,1.25031e-07,1.98226e-11,8.82025e-20,4.96181e-10,3.21243e-10,3.61258e-08,4.88831e-10,0.758627,2.73959e-07,4.97713e-20,2.02057e-18,3.6505e-13,1.6702e-13,0.0110021
0.0129592,-0.342032,115.056,630.505,-14158.6,1.18522e-05,8.6507e-09,8.36659e-06,0.202131,1.11155e-05,0.0167216,1.60833e-05,4.14297e-06,4.97643e-26,6.87933e-21,1.67232e-15,8.74392e-17,2.405e-12,1.11144e-09,0.0014352,0.0183143,4.46414e-13,7.49525e-11,6.94253e-16,1.00366e-12,4.2528e-11,2.25075e-20,2.19982e-11,2.96597e-17,6.19805e-12,3.43172e-16,4.75905e-15,1.31965e-14,1.15876e-10,2.51569e-12,6.0628e-14,2.41063e-12,6.17768e-12,7.66535e-11,1.70804e-14,1.90049e-05,6.26663e-06,1.10631e-07,1.67708e-09,2.25322e-16,8.51799e-08,1.92877e-11,1.35929e-21,3.37762e-10,2.1881e-10,2.4594e-08,1.66687e-10,0.76132,1.86712e-07,2.17842e-20,1.28692e-18,6.45642e-14,8.50263e-14,0.0074983
0.0130612,-0.298001,108.736,512.589,-14158.6,7.55048e-06,7.86354e-10,2.85599e-06,0.213273,3.99283e-06,0.0106746,7.27264e-06,2.82552e-06,4.89671e-29,8.64997e-23,2.31156e-16,9.07668e-18,6.3571e-13,7.07875e-10,0.000913925,0.0116918,2.86458e-14,4.18382e-11,1.20545e-16,3.7333e-13,2.75108e-11,2.13141e-22,1.38568e-11,2.38159e-18,3.85713e-12,4.32157e-17,2.98109e-15,2.11203e-15,7.15487e-11,1.60452e-12,8.89987e-15,2.82642e-13,2.54239e-12,4.84727e-11,4.46683e-16,1.13883e-05,5.13609e-06,7.06287e-08,7.58541e-10,3.77385e-18,5.43605e-08,1.35768e-11,3.08536e-23,2.15543e-10,1.39644e-10,1.56927e-08,5.44025e-11,0.763405,1.19164e-07,8.47028e-21,8.03509e-19,7.80137e-15,4.51945e-14,0.0047856
0.0131633,-0.266215,103.378,424.735,-14158.6,4.4626e-06,8.48128e-11,1.0447e-06,0.221303,1.54933e-06,0.00631244,3.20562e-06,1.74709e-06,9.39877e-32,1.50929e-24,3.70423e-17,9.84403e-19,1.69636e-13,4.18351e-10,0.000539828,0.00691407,2.04568e-15,2.28942e-11,2.45311e-17,1.1186e-13,1.63076e-11,1.61152e-24,8.16475e-12,2.05884e-19,2.25908e-12,5.79885e-18,1.75174e-15,3.51109e-16,4.17538e-11,9.48623e-13,1.82827e-15,2.9368e-14,1.12258e-12,2.85646e-11,1.14976e-17,6.42445e-06,3.51121e-06,4.17681e-08,3.54407e-10,4.75738e-20,3.21421e-08,8.21781e-12,8.9651e-25,1.27445e-10,8.25687e-11,9.27832e-09,1.74358e-11,0.764908,7.04597e-08,3.26212e-21,4.7153e-19,8.27877e-16,2.38277e-14,0.00282964
0.0132653,-0.248224,99.1122,365.842,-14158.6,2.43539e-06,1.0838e-11,4.07785e-07,0.226579,6.4021e-07,0.00344545,1.40499e-06,9.8142e-07,2.18725e-33,3.6254e-26,6.66605e-18,1.19091e-19,4.94775e-14,2.28303e-10,0.00029449,0.00377385,1.75839e-16,1.19753e-11,5.4576e-18,2.83918e-14,8.89658e-12,1.57531e-26,4.45179e-12,2.06344e-20,1.22838e-12,9.33624e-19,9.53965e-16,6.04582e-17,2.26708e-11,5.17738e-13,4.94232e-16,3.18717e-15,5.13139e-13,1.55703e-11,3.6684e-19,3.39878e-06,2.08141e-06,2.27983e-08,1.67777e-10,6.98197e-22,1.75428e-08,4.50912e-12,3.1231e-26,6.9558e-11,4.50651e-11,5.06394e-09,5.78898e-12,0.765896,3.84561e-08,1.29566e-21,2.56648e-19,9.22443e-17,1.21306e-14,0.00154439
0.0133673,-0.243029,95.8669,330.538,-14158.6,1.23389e-06,1.62709e-12,1.68432e-07,0.229706,2.7608e-07,0.00174574,6.18746e-07,5.05609e-07,0,1.18386e-27,1.28356e-18,1.68157e-20,1.65138e-14,1.1567e-10,0.000149175,0.00191213,2.03228e-17,5.93686e-12,1.22924e-18,6.34501e-15,4.5044e-12,3.16784e-28,2.25485e-12,2.53316e-21,6.21435e-13,1.80192e-19,4.82937e-16,1.08586e-17,1.14627e-11,2.6232e-13,1.60746e-16,4.32265e-16,2.36118e-13,7.88498e-12,1.84902e-20,1.69124e-06,1.10182e-06,1.15516e-08,7.87557e-11,1.85456e-23,8.88832e-09,2.28722e-12,1.28408e-27,3.52427e-11,2.2833e-11,2.56572e-09,2.08485e-12,0.766482,1.94844e-08,5.37203e-22,1.29897e-19,1.15806e-17,5.9115e-15,0.000782489
0.0134694,-0.247626,93.4035,311.413,-14158.6,5.86896e-07,2.73285e-13,7.1919e-08,0.23139,1.20961e-07,0.000830372,2.72669e-07,2.42557e-07,0,5.00828e-29,2.51106e-19,2.71256e-21,6.20927e-15,5.50176e-11,7.0948e-05,0.000909517,3.04795e-18,2.79488e-12,2.64752e-19,1.30057e-15,2.14157e-12,1.46374e-29,1.0724e-12,3.72095e-22,2.95399e-13,3.81129e-20,2.29633e-16,2.0048e-18,5.44767e-12,1.24772e-13,5.79513e-17,7.28087e-17,1.07139e-13,3.74973e-12,1.53715e-21,7.97076e-07,5.35372e-07,5.49459e-09,3.60984e-11,1.01054e-24,4.22773e-09,1.08816e-12,6.15931e-29,1.67632e-11,1.08605e-11,1.22038e-09,8.15239e-13,0.766797,9.26777e-09,2.29298e-22,6.17594e-20,1.64179e-18,2.75719e-15,0.000372191
0.0135714,-0.258561,91.4399,301.87,-14158.6,2.65011e-07,4.80461e-14,3.08721e-08,0.232227,5.25963e-08,0.000374956,1.18715e-07,1.09961e-07,5.42016e-33,2.57555e-30,4.79119e-20,4.68117e-22,2.49961e-15,2.4843e-11,3.20352e-05,0.000410694,5.16566e-19,1.25628e-12,5.31244e-20,2.52059e-16,9.66815e-13,1.26622e-30,4.84218e-13,6.0642e-23,1.33353e-13,8.0978e-21,1.03677e-16,3.68784e-19,2.45905e-12,5.63408e-14,2.17887e-17,1.33227e-17,4.73637e-14,1.69305e-12,1.83555e-22,3.58401e-07,2.44074e-07,2.4811e-09,1.60324e-11,9.53331e-26,1.90903e-09,4.91379e-13,3.37191e-30,7.5694e-12,4.90405e-12,5.51063e-10,3.34271e-13,0.766954,4.18485e-09,9.83393e-23,2.78826e-20,2.55213e-19,1.23386e-15,0.000168062
0.0136735,-0.273064,89.7524,297.404,-14158.6,1.14556e-07,8.38748e-15,1.30573e-08,0.232619,2.23727e-08,0.000162082,5.05098e-08,4.76135e-08,0,1.50135e-31,8.70481e-21,8.12085e-23,1.02723e-15,1.07388e-11,1.38475e-05,0.00017753,8.91963e-20,5.42013e-13,9.88151e-21,4.68692e-17,4.17884e-13,1.5592e-31,2.09308e-13,1.01893e-23,5.7638e-14,1.65029e-21,4.48136e-17,6.5694e-20,1.06282e-12,2.43543e-14,8.23008e-18,2.41199e-18,2.02914e-14,7.31825e-13,2.64928e-23,1.54646e-07,1.05933e-07,1.0725e-09,6.88212e-12,1.22387e-26,8.25211e-10,2.12409e-13,2.0238e-31,3.27201e-12,2.11986e-12,2.38207e-10,1.38475e-13,0.767027,1.80898e-09,4.15679e-23,1.20519e-20,4.14806e-20,5.3132e-16,7.2648e-05
0.0137755,-0.289326,88.2014,295.416,-14158.6,4.76658e-08,1.41006e-15,5.38522e-09,0.232793,9.24878e-09,6.74411e-05,2.08815e-08,1.98253e-08,1.3016e-33,9.19528e-33,1.49029e-21,1.36328e-23,4.18653e-16,4.46835e-12,5.76182e-06,7.38691e-05,1.49418e-20,2.25356e-13,1.70901e-21,8.39373e-18,1.73872e-13,2.23552e-32,8.70912e-14,1.68272e-24,2.39818e-14,3.17428e-22,1.86463e-17,1.11396e-20,4.42209e-13,1.01337e-14,3.06447e-18,4.16491e-19,8.41277e-15,3.04503e-13,4.08437e-24,6.43004e-08,4.415e-08,4.46261e-10,2.85558e-12,1.788e-27,3.43365e-10,8.83821e-14,1.25569e-32,1.36146e-12,8.8206e-13,9.91161e-11,5.66212e-14,0.76706,7.52703e-10,1.71389e-23,5.01459e-21,6.73348e-21,2.20737e-16,3.02283e-05
0.0138776,-0.306314,86.7128,294.569,-14158.6,1.91591e-08,2.25061e-16,2.15714e-09,0.232867,3.70814e-09,2.71077e-05,8.37213e-09,7.97083e-09,1.00731e-34,5.55017e-34,2.39748e-22,2.17583e-24,1.66919e-16,1.79603e-12,2.31593e-06,2.96914e-05,2.38164e-21,9.05545e-14,2.76071e-22,1.4472e-18,6.9886e-14,3.33117e-33,3.50058e-14,2.66479e-25,9.63922e-15,5.75053e-23,7.49472e-18,1.78429e-21,1.7774e-13,4.07318e-15,1.11575e-18,6.78601e-20,3.37677e-15,1.22393e-13,6.28041e-25,2.5838e-08,1.77571e-08,1.79373e-10,1.14654e-12,2.68584e-28,1.38014e-10,3.55248e-14,7.62131e-34,5.47233e-13,3.5454e-13,3.98393e-11,2.26042e-14,0.767074,3.02546e-10,6.86448e-24,2.01557e-21,1.05878e-21,8.86708e-17,1.21501e-05
0.0139796,-0.323487,85.2507,294.222,-14158.6,7.45705e-09,3.39313e-17,8.38517e-10,0.232898,1.44191e-09,1.05508e-05,3.25551e-09,3.1027e-09,2.0179e-34,3.17375e-35,3.62637e-23,3.28091e-25,6.47706e-17,6.99047e-13,9.01402e-07,1.15564e-05,3.58858e-22,3.52416e-14,4.18246e-23,2.40017e-19,2.72007e-14,4.88147e-34,1.36249e-14,4.00422e-26,3.75173e-15,9.84146e-24,2.91707e-18,2.69387e-22,6.91792e-14,1.58535e-15,3.9612e-19,1.04149e-20,1.31361e-15,4.76375e-14,9.32416e-26,1.00555e-08,6.913e-09,6.9815e-11,4.4607e-13,3.94887e-29,5.37174e-11,1.38269e-14,4.36807e-35,2.12993e-13,1.37993e-13,1.55062e-11,8.77544e-15,0.767079,1.17756e-10,2.66821e-24,7.84493e-22,1.58776e-22,3.45045e-17,4.72905e-06
0.0140816,-0.34058,83.7993,294.084,-14158.6,2.81561e-09,4.82868e-18,3.16456e-10,0.23291,5.44245e-10,3.98374e-06,1.22878e-09,1.17155e-09,0,1.68771e-36,5.1673e-24,4.6694e-26,2.44288e-17,2.63944e-13,3.40348e-07,4.36343e-06,5.10539e-23,1.33059e-14,5.9631e-24,3.8293e-20,1.02703e-14,6.86818e-35,5.14444e-15,5.69042e-27,1.41656e-15,1.59821e-24,1.10142e-18,3.83569e-23,2.61204e-14,5.98593e-16,1.37063e-19,1.50746e-21,4.95895e-16,1.79868e-14,1.31881e-26,3.79659e-09,2.61041e-09,2.63605e-11,1.684e-13,5.56336e-30,2.02825e-11,5.22071e-15,2.32497e-36,8.04212e-14,5.21031e-14,5.85477e-12,3.31032e-15,0.767082,4.4462e-11,1.00697e-24,2.96206e-22,2.25705e-23,1.3027e-17,1.78558e-06
0.0141837,-0.357471,82.3522,294.031,-14158.6,1.03287e-09,6.49389e-19,1.16069e-10,0.232914,1.99625e-10,1.46138e-06,4.50708e-10,4.29774e-10,2.9304e-36,8.29301e-38,6.95275e-25,6.27975e-27,8.95788e-18,9.68246e-14,1.24853e-07,1.60067e-06,6.86497e-24,4.88104e-15,8.02493e-25,5.88354e-21,3.76755e-15,9.19595e-36,1.88717e-15,7.64838e-28,5.19649e-16,2.47419e-25,4.04041e-19,5.15959e-24,9.58193e-15,2.19586e-16,4.62417e-20,2.06199e-22,1.81901e-16,6.59823e-15,1.76946e-27,1.39271e-09,9.57627e-10,9.67003e-12,6.17719e-14,7.45269e-31,7.44037e-12,1.91515e-15,1.14286e-37,2.95015e-14,1.91134e-14,2.14775e-12,1.21395e-15,0.767082,1.63103e-11,3.69329e-25,1.0866e-22,3.03756e-24,4.77866e-18,6.55018e-07
0.0142857,-0.374106,80.9066,294.011,-14158.6,3.6863e-10,8.27025e-20,4.14223e-11,0.232916,7.12429e-11,5.21565e-07,1.6085e-10,1.53386e-10,0,3.76375e-39,8.85623e-26,7.99719e-28,3.19661e-18,3.45565e-14,4.45596e-08,5.71276e-07,8.74192e-25,1.74202e-15,1.02222e-25,8.72251e-22,1.34463e-15,1.16915e-36,6.73528e-16,9.73797e-29,1.85461e-16,3.6676e-26,1.44201e-19,6.57156e-25,3.41977e-15,7.83699e-17,1.52234e-20,2.67186e-23,6.49184e-17,2.35489e-15,2.25152e-28,4.97054e-10,3.41779e-10,3.45121e-12,2.20457e-14,9.47696e-32,2.65545e-12,6.83514e-16,5.18768e-39,1.0529e-14,6.82152e-15,7.66527e-13,4.33206e-16,0.767083,5.82112e-12,1.31805e-25,3.87803e-23,3.87403e-25,1.70548e-18,2.33775e-07
0.0143878,-0.39046,79.4615,294.004,-14158.6,1.28183e-10,1e-20,1.44035e-11,0.232917,2.47729e-11,1.81363e-07,5.59315e-11,5.3337e-11,0,1.58166e-40,1.07092e-26,9.66916e-29,1.11151e-18,1.20163e-14,1.54947e-08,1.98649e-07,1.05694e-25,6.05752e-16,1.23606e-26,1.25093e-22,4.67567e-16,1.41272e-37,2.34205e-16,1.1773e-29,6.44903e-17,5.22777e-27,5.0143e-20,7.94638e-26,1.18915e-15,2.72515e-17,4.8952e-21,3.2883e-24,2.25739e-17,8.18866e-16,2.72157e-29,1.7284e-10,1.18847e-10,1.20009e-12,7.66587e-15,1.14522e-32,9.23379e-13,2.37678e-16,2.1802e-40,3.66125e-15,2.37204e-15,2.66544e-13,1.50633e-16,0.767083,2.02417e-12,4.58315e-26,1.34851e-23,4.6924e-26,5.93043e-19,8.12903e-08
0.0144898,-0.406526,78.0167,294.001,-14158.6,4.35105e-11,1.15226e-21,4.88908e-12,0.232917,8.40885e-12,6.15619e-08,1.89853e-11,1.81047e-11,1.41324e-36,6.18541e-42,1.23399e-27,1.11405e-29,3.77283e-19,4.07881e-15,5.2595e-09,6.74295e-08,1.21777e-26,2.05616e-16,1.42421e-27,1.7406e-23,1.58711e-16,1.62734e-38,7.94986e-17,1.35642e-30,2.18906e-17,7.19504e-28,1.70205e-20,9.15651e-27,4.03646e-16,9.25023e-18,1.53941e-21,3.85671e-25,7.66244e-18,2.77955e-16,3.1356e-30,5.86686e-11,4.03414e-11,4.07357e-13,2.60208e-15,1.31924e-33,3.13431e-13,8.06772e-17,8.52589e-42,1.24277e-15,8.05165e-16,9.04755e-14,5.113e-17,0.767083,6.87085e-13,1.55569e-26,4.57736e-24,5.41655e-27,2.01302e-19,2.75931e-08
0.0145918,-0.422299,76.5719,294,-14158.6,1.44677e-11,1.27405e-22,1.62566e-12,0.232917,2.79602e-12,2.04699e-08,6.31278e-12,6.01999e-12,0,2.27391e-43,1.36442e-28,1.23171e-30,1.2545e-19,1.35624e-15,1.74884e-09,2.2421e-08,1.34641e-27,6.83694e-17,1.57467e-28,2.35779e-24,5.27728e-17,1.79909e-39,2.64341e-17,1.4997e-31,7.27883e-18,9.60247e-29,5.65949e-21,1.01246e-27,1.34216e-16,3.0758e-18,4.74497e-22,4.33557e-26,2.54784e-18,9.24229e-17,3.46692e-31,1.95079e-11,1.34139e-11,1.3545e-13,8.65213e-16,1.45849e-34,1.04219e-13,2.6826e-17,3.13464e-43,4.13234e-16,2.67725e-16,3.0084e-14,1.70012e-17,0.767083,2.28463e-13,5.17282e-27,1.52202e-24,5.9989e-28,6.69348e-20,9.17499e-09
0.0146939,-0.437778,75.1272,294,-14158.6,4.75373e-12,1.37551e-23,5.34145e-13,0.232917,9.18692e-13,6.72583e-09,2.0742e-12,1.97799e-12,2.80278e-37,8.06931e-45,1.47307e-29,1.32974e-31,4.12191e-20,4.45623e-16,5.74617e-10,7.36688e-09,1.45357e-28,2.24642e-17,1.70002e-29,3.12086e-25,1.73396e-17,1.94223e-40,8.68547e-18,1.61906e-32,2.39161e-18,1.24854e-29,1.85954e-21,1.09309e-28,4.40996e-17,1.01062e-18,1.44198e-22,4.73453e-27,8.37145e-19,3.03675e-17,3.74295e-32,6.40973e-12,4.40742e-12,4.45051e-14,2.84282e-16,1.57453e-35,3.42433e-14,8.81424e-18,1.11177e-44,1.35777e-16,8.79668e-17,9.88473e-15,5.58608e-18,0.767083,7.50662e-14,1.69964e-27,5.00091e-25,6.48271e-29,2.19928e-20,3.01463e-09
0.0147959,-0.452963,73.6824,294,-14158.6,1.58204e-12,1.52326e-24,1.77758e-13,0.232917,3.05731e-13,2.23828e-09,6.9027e-13,6.58255e-13,0,2.96926e-46,1.63132e-30,1.47267e-32,1.37173e-20,1.48298e-16,1.91227e-10,2.45162e-09,1.60979e-29,7.47584e-18,1.88272e-30,4.0354e-26,5.77044e-18,2.15097e-41,2.89043e-18,1.79306e-33,7.95903e-19,1.58389e-30,6.18837e-22,1.21049e-29,1.46759e-17,3.36323e-19,4.40314e-23,5.21054e-28,2.78593e-19,1.0106e-17,4.14498e-33,2.13309e-12,1.46674e-12,1.48108e-14,9.46057e-17,1.74375e-36,1.13958e-14,2.93329e-18,4.09655e-46,4.51851e-17,2.92744e-17,3.28953e-15,1.85899e-18,0.767083,2.49812e-14,5.65621e-28,1.66425e-25,7.1701e-30,7.31899e-21,1.00324e-09
0.014898,-0.467853,72.2376,294,-14158.6,5.70104e-13,1.97658e-25,6.40513e-14,0.232917,1.10164e-13,8.06518e-10,2.48724e-13,2.37188e-13,6.5589e-38,1.39202e-47,2.11694e-31,1.91205e-33,4.94273e-21,5.34362e-17,6.89045e-11,8.8339e-10,2.08989e-30,2.69376e-18,2.44413e-31,4.53559e-27,2.07926e-18,2.79271e-42,1.04151e-18,2.32778e-34,2.86787e-19,1.74808e-31,2.22985e-22,1.57054e-30,5.28814e-18,1.21187e-19,1.43641e-23,6.15419e-29,1.00385e-19,3.64148e-18,5.37846e-34,7.68614e-13,5.2851e-13,5.33676e-15,3.4089e-17,2.26394e-37,4.10624e-15,1.05695e-18,1.91607e-47,1.62815e-17,1.05484e-17,1.18531e-15,6.69847e-19,0.767083,9.00146e-15,2.0381e-28,5.99677e-26,9.19147e-31,2.63724e-21,3.61496e-10
0.015102,-0.496748,69.3481,294,-14158.6,1.00161e-13,6.09905e-27,1.12462e-14,0.232917,1.93426e-14,1.41609e-10,4.36711e-14,4.16457e-14,2.00729e-38,7.58136e-50,6.53145e-33,5.89465e-35,8.67847e-22,9.38236e-18,1.20983e-11,1.55106e-10,6.44383e-32,4.72972e-19,7.53648e-33,2.01207e-28,3.65077e-19,8.6097e-44,1.82868e-19,7.17749e-36,5.03542e-20,7.54682e-33,3.91518e-23,4.84704e-32,9.28494e-19,2.1278e-20,2.21838e-24,2.12229e-30,1.76257e-20,6.39372e-19,1.65964e-35,1.34954e-13,9.27961e-14,9.37032e-16,5.98531e-18,6.97981e-39,7.20976e-16,1.85579e-19,1.0409e-49,2.85871e-18,1.8521e-18,2.08118e-16,1.17612e-19,0.767083,1.58048e-15,3.5785e-29,1.05292e-26,2.88745e-32,4.63048e-22,6.34716e-11
0.0153061,-0.524463,66.4586,294,-14158.6,1.74417e-14,1.83637e-28,1.95138e-15,0.232917,3.35623e-15,2.45712e-11,7.57759e-15,7.22614e-15,0,3.29368e-52,1.96654e-34,1.77473e-36,1.50584e-22,1.62798e-18,2.09923e-12,2.69132e-11,1.94009e-33,8.20677e-20,2.26906e-34,8.66722e-30,6.33463e-20,2.59216e-45,3.17303e-20,2.16097e-37,8.7372e-21,3.14878e-34,6.79341e-24,1.45939e-33,1.61107e-19,3.69205e-21,3.35215e-25,6.64996e-32,3.05831e-21,1.10941e-19,4.99703e-37,2.34165e-14,1.61015e-14,1.62589e-16,1.03853e-18,2.10144e-40,1.251e-16,3.22008e-20,5.95345e-52,4.96029e-19,3.21366e-19,3.61116e-17,2.04074e-20,0.767083,2.74237e-16,6.20923e-30,1.82697e-27,8.70792e-34,8.03457e-23,1.10133e-11
0.0155102,-0.551,63.5691,294,-14158.6,3.52138e-15,7.22497e-30,3.87213e-16,0.232917,6.65978e-16,4.87569e-12,1.50363e-15,1.43389e-15,0,1.83799e-53,7.7371e-36,6.98784e-38,2.98805e-23,3.23041e-19,4.16552e-13,5.3404e-12,7.63785e-35,1.62847e-20,8.93253e-36,2.90605e-31,1.25698e-20,1.02063e-46,6.29627e-21,8.50729e-39,1.73373e-21,1.02368e-35,1.34802e-24,5.74022e-35,3.19687e-20,7.32617e-22,5.51078e-26,2.29123e-33,6.06863e-22,2.2014e-20,1.96598e-38,4.64654e-15,3.19503e-15,3.22626e-17,2.06074e-19,8.27387e-42,2.48237e-17,6.38962e-21,2.16511e-53,9.84274e-20,6.37689e-20,7.16564e-18,4.04946e-21,0.767083,5.4417e-17,1.2321e-30,3.62526e-28,3.36457e-35,1.59431e-23,2.18537e-12
0.0159184,-0.600534,57.7901,294,-14158.6,3.53559e-16,4.72178e-32,3.12605e-17,0.232917,5.37658e-17,3.93624e-13,1.21391e-16,1.15761e-16,0,0,5.04965e-38,4.55454e-40,2.41232e-24,2.60798e-20,3.36291e-14,4.31142e-13,4.97937e-37,1.3147e-21,5.82389e-38,3.61613e-33,1.01479e-21,6.65238e-49,5.08311e-22,5.54635e-41,1.39968e-22,1.22157e-37,1.08829e-25,3.74782e-37,2.5809e-21,5.91457e-23,3.63577e-27,1.79846e-35,4.89933e-23,1.77724e-21,1.28488e-40,3.75125e-16,2.57942e-16,2.60463e-18,1.66366e-20,5.39318e-44,2.00407e-18,5.15847e-22,1.67355e-54,7.94625e-21,5.1482e-21,5.78497e-19,3.26922e-22,0.767083,4.3932e-18,9.94702e-32,2.92675e-29,2.25991e-37,1.28712e-24,1.76429e-13
0.0163265,-0.645351,52.0111,294,-14158.6,9.63977e-17,2.74665e-34,2.36452e-18,0.232917,4.06681e-18,2.97735e-14,9.18192e-18,8.75606e-18,0,0,2.89029e-40,2.6058e-42,1.82466e-25,1.97265e-21,2.54368e-15,3.26113e-14,2.84903e-39,9.94431e-23,3.33229e-40,4.39347e-35,7.6758e-23,3.80606e-51,3.84483e-23,3.17345e-43,1.0587e-23,1.41433e-39,8.23172e-27,2.14514e-39,1.95217e-22,4.47374e-24,2.27441e-28,1.15558e-37,3.70582e-24,1.34429e-22,7.47394e-43,2.83742e-17,1.95105e-17,1.97012e-19,1.25836e-21,3.08567e-46,1.51586e-19,3.90183e-23,0,6.01048e-22,3.89406e-22,4.37571e-20,2.47281e-23,0.767083,3.32298e-19,7.52385e-33,2.21377e-30,1.30454e-39,9.73566e-26,1.3345e-14
0.0167347,-0.68545,46.2321,294,-14158.6,7.68611e-17,2.07978e-36,1.69291e-19,0.232917,2.91169e-19,2.13167e-15,6.57393e-19,6.26902e-19,0,1.33517e-56,1.49295e-42,1.33575e-44,1.30639e-26,1.41235e-22,1.82118e-16,2.33485e-15,1.46051e-41,7.11977e-24,1.70828e-42,5.25422e-37,5.4956e-24,1.95102e-53,2.75276e-24,1.62683e-45,7.57995e-25,1.60633e-41,5.89361e-28,1.10004e-41,1.39769e-23,3.20304e-25,1.35969e-29,6.52875e-40,2.65323e-25,9.62463e-24,5.43597e-45,2.03149e-18,1.39688e-18,1.41054e-20,9.00933e-23,1.58177e-48,1.0853e-20,2.79357e-24,2.39067e-56,4.30329e-23,2.78801e-23,3.13285e-21,1.77044e-24,0.767083,2.37914e-20,5.38681e-34,1.58498e-31,6.7375e-42,6.97038e-27,9.55454e-16
0.0171429,-0.720832,40.4531,294,-14158.6,7.54575e-17,0,1.15748e-20,0.232917,1.99078e-20,1.45747e-16,4.49472e-20,4.28626e-20,2.40139e-48,0,1.85011e-45,6.2443e-47,8.93206e-28,9.65652e-24,1.24518e-17,1.59638e-16,6.82787e-44,4.86793e-25,7.98629e-45,6.21554e-39,3.75745e-25,9.12056e-56,1.88212e-25,7.60544e-48,5.18256e-26,1.80181e-43,4.02958e-29,5.14428e-44,9.55625e-25,2.18998e-26,7.8222e-31,3.34137e-42,1.81407e-26,6.58055e-25,0,1.38897e-19,9.55077e-20,9.64412e-22,6.1598e-24,7.39423e-51,7.42044e-22,1.91002e-25,2.63021e-59,2.94225e-24,1.90622e-24,2.14199e-22,1.21049e-25,0.767083,1.62666e-21,3.68307e-35,1.08368e-32,3.17167e-44,4.76579e-28,6.53263e-17
0.017551,-0.751496,34.6741,294,-14158.6,7.53613e-17,2.99439e-39,7.61676e-22,0.232917,1.31003e-21,9.59083e-18,2.95774e-21,2.82056e-21,0,2.208e-59,1.25916e-46,2.70394e-49,5.87772e-29,6.35445e-25,8.19388e-19,1.0505e-17,2.9568e-46,3.20333e-26,3.45849e-47,7.29429e-41,2.47258e-26,3.94947e-58,1.23852e-26,3.29353e-50,3.41037e-27,2.00416e-45,2.65166e-30,2.22835e-46,6.28847e-26,1.44111e-27,4.35772e-32,1.58851e-44,1.19374e-27,4.33032e-26,2.59776e-46,9.14009e-21,6.28486e-21,6.34629e-23,4.0534e-25,3.20586e-53,4.883e-23,1.25688e-26,0,1.93614e-25,1.25438e-25,1.40953e-23,7.96559e-27,0.767083,1.07042e-22,2.42363e-36,7.13115e-34,1.38221e-46,3.13612e-29,4.29878e-18
0.0179592,-0.777442,28.8951,294,-14158.6,7.5355e-17,0,4.85801e-23,0.232917,8.35542e-23,6.11708e-19,1.88646e-22,1.79897e-22,1.41241e-49,0,0,1.09965e-51,3.74884e-30,4.0529e-26,5.2261e-20,6.70012e-19,1.20287e-48,2.0431e-27,1.40698e-49,8.50797e-43,1.57702e-27,1.60664e-60,7.89936e-28,1.33986e-52,2.17515e-28,2.21735e-47,1.69124e-31,9.06748e-49,4.01082e-27,9.19148e-29,2.36442e-33,7.56314e-47,7.61376e-29,2.7619e-27,0,5.8296e-22,4.00852e-22,4.0477e-24,2.58525e-26,1.31185e-55,3.1144e-24,8.01648e-28,0,1.23488e-26,8.00051e-27,8.99008e-25,5.08049e-28,0.767083,6.82721e-24,1.54581e-37,4.54829e-35,5.65461e-49,2.00023e-30,2.74179e-19
0.0183673,-0.798672,23.116,294,-14158.6,7.53545e-17,0,3.02254e-24,0.232917,5.19855e-24,3.80591e-20,1.17371e-23,1.11928e-23,0,0,4.70064e-49,4.25694e-54,2.33244e-31,2.52162e-27,3.25156e-21,4.16866e-20,4.65652e-51,1.27117e-28,5.44673e-52,9.87654e-45,9.81189e-29,6.21939e-63,4.9148e-29,5.18686e-55,1.35333e-29,2.45333e-49,1.05225e-32,3.51092e-51,2.49544e-28,5.71873e-30,1.25615e-34,4.67741e-49,4.73711e-30,1.71839e-28,0,3.62704e-23,2.49401e-23,2.51839e-25,1.60847e-27,5.84383e-58,1.93771e-25,4.98767e-29,0,7.68314e-28,4.97773e-28,5.59342e-26,3.16097e-29,0.767083,4.24773e-25,9.61766e-39,2.82984e-36,2.19946e-51,1.2445e-31,1.70588e-20
0.0187755,-0.815183,17.337,294,-14158.6,7.53545e-17,2.31021e-41,1.84551e-25,0.232917,3.17414e-25,2.32382e-21,7.16649e-25,6.8341e-25,0,5.44978e-66,2.41424e-50,1.68263e-56,1.42415e-32,1.53966e-28,1.98534e-22,2.54531e-21,1.73607e-53,7.76153e-30,2.03067e-54,1.14252e-46,5.99096e-30,2.31866e-65,3.00089e-30,1.93377e-57,8.26319e-31,2.77223e-51,6.42485e-34,1.30916e-53,1.52367e-29,3.49175e-31,6.56738e-36,7.97296e-51,2.89239e-31,1.04922e-29,1.35922e-49,2.21461e-24,1.5228e-24,1.53768e-26,9.82093e-29,2.3764e-60,1.18313e-26,3.04538e-30,8.40482e-66,4.69118e-29,3.03931e-29,3.41524e-27,1.93003e-30,0.767083,2.59359e-26,5.87236e-40,1.72785e-37,8.23152e-54,7.59868e-33,1.04158e-21
0.0191837,-0.826977,11.558,294,-14158.6,7.53545e-17,8.17601e-43,1.11213e-26,0.232917,1.91278e-26,1.40037e-22,4.31863e-26,4.11833e-26,0,0,1.95197e-51,7.51925e-59,8.58211e-34,9.27819e-30,1.1964e-23,1.53384e-22,6.30573e-56,4.67721e-31,7.37447e-57,1.3192e-48,3.61024e-31,8.42011e-68,1.80838e-31,7.02254e-60,4.97952e-32,3.50891e-53,3.87171e-35,4.75481e-56,9.18186e-31,2.10418e-32,3.39618e-37,0,1.743e-32,6.32274e-31,5.08944e-51,1.33455e-25,9.17658e-26,9.26628e-28,5.91818e-30,1.35592e-61,7.12972e-28,1.83519e-31,7.64661e-69,2.82697e-30,1.83153e-30,2.05807e-28,1.16306e-31,0.767083,1.56293e-27,3.53877e-41,1.04123e-38,2.99771e-56,4.57907e-34,6.27669e-23
0.0195918,-0.834053,5.77901,294,-14158.6,7.53545e-17,1.36942e-45,6.6506e-28,0.232917,1.14386e-27,8.37428e-24,2.58257e-27,2.46278e-27,0,0,0,0,5.13215e-35,5.54841e-31,7.15452e-25,9.17245e-24,2.26195e-58,2.797e-32,2.63724e-59,1.54027e-50,2.15894e-32,3.01113e-70,1.08142e-32,2.51138e-62,2.97778e-33,6.59634e-55,2.3153e-36,1.70055e-58,5.4908e-32,1.25831e-33,1.7568e-38,0,1.04232e-33,3.78103e-32,3.72812e-54,7.98071e-27,5.48765e-27,5.54129e-29,3.53908e-31,0,4.26361e-29,1.09745e-32,6.45199e-75,1.69055e-31,1.09527e-31,1.23074e-29,6.95519e-33,0.767083,9.34643e-29,2.11621e-42,6.2266e-40,1.07425e-58,2.73831e-35,3.7535e-24
0.02,-0.836412,0,294,-14158.6,7.53545e-17,8.16877e-47,3.96718e-29,0.232917,6.82327e-29,4.99538e-25,1.54054e-28,1.46909e-28,0,0,0,0,3.06141e-36,3.30971e-32,4.26777e-26,5.4715e-25,1.34928e-59,1.66845e-33,1.57315e-60,9.18796e-52,1.28784e-33,1.79618e-71,6.45084e-34,1.49808e-63,1.77629e-34,3.93482e-56,1.38111e-37,1.0144e-59,3.27534e-33,7.50602e-35,1.04796e-39,0,6.21761e-35,2.25544e-33,2.22388e-55,4.76061e-28,3.27346e-28,3.30546e-30,2.11111e-32,0,2.54331e-30,6.54648e-34,3.84871e-76,1.00844e-32,6.53344e-33,7.34155e-31,4.14887e-34,0.767083,5.57528e-30,1.26235e-43,3.71426e-41,6.40806e-60,1.63344e-36,2.23902e-25
